effect_id,category_id,kind,value_percent,name,note
6001400,412,攻击力,10.5,提升物理攻击力＋３,物理攻击力+10.5%
6001401,413,攻击力,12,提升物理攻击力＋４,物理攻击力+12%
6001500,444,攻击力,10.5,提升魔力属性攻击力＋３,魔力属性攻击力+10.5%
6001501,445,攻击力,12,提升魔力属性攻击力＋４,魔力属性攻击力+12%
6001600,404,攻击力,10.5,提升火属性攻击力＋３,火属性攻击力+10.5%
6001601,405,攻击力,12,提升火属性攻击力＋４,火属性攻击力+12%
6001700,436,攻击力,10.5,提升雷属性攻击力＋３,雷属性攻击力+10.5%
6001701,437,攻击力,12,提升雷属性攻击力＋４,雷属性攻击力+12%
6001800,346,攻击力,10.5,提升圣属性攻击力＋３,圣属性攻击力+10.5%
6001801,347,攻击力,12,提升圣属性攻击力＋４,圣属性攻击力+12%
6030900,462,攻击力,17,涂抹油脂类道具时，能额外提升物理攻击力＋１,30秒内，增加物理伤害+17%
6030901,463,攻击力,20,涂抹油脂类道具时，能额外提升物理攻击力＋２,30秒内，增加物理伤害+20%
6040100,297,攻击力,25,强化防御反击＋１,防御反击造成的伤害+25%
6040101,298,攻击力,29,强化防御反击＋２,防御反击造成的伤害+29%
6040300,389,攻击力,30,提升投掷壶的攻击力＋１,投掷壶造成的伤害+30%
6040400,392,攻击力,30,提升投掷小刀的攻击力＋１,投掷小刀造成的伤害+30%
6040500,331,攻击力,30,提升使用辉石、重力石道具的攻击力＋１,投掷辉石、重力石造成的伤害+30%
6043100,288,攻击力,18,强化调香术＋１,调香术造成的伤害+18%
6260000,258,行动,16,对陷入中毒的敌人，能强化攻击＋１,对中毒的敌人造成的伤害+16%
6260001,259,行动,20,对陷入中毒的敌人，能强化攻击＋２,对中毒的敌人造成的伤害+20%
6260300,264,行动,16,对陷入猩红腐败的敌人，能强化攻击＋１,对猩红腐败的敌人造成的伤害+16%
6260301,265,行动,20,对陷入猩红腐败的敌人，能强化攻击＋２,对猩红腐败的敌人造成的伤害+20%
6260400,261,行动,16,对陷入冻伤的敌人，能强化攻击＋１,对冻伤的敌人造成的伤害+16%
6260401,262,行动,20,对陷入冻伤的敌人，能强化攻击＋２,对冻伤的敌人造成的伤害+20%
6600000,247,行动,12,周围陷入催眠时，提升攻击力,周围有任意角色催眠后，造成伤害+12%，持续20秒
6600001,248,行动,22,周围陷入催眠时，提升攻击力＋１,周围有任意角色催眠后，造成伤害+22%，持续20秒
6600100,249,行动,12,周围陷入发狂时，提升攻击力,周围有任意角色发狂后，造成伤害+12%，持续20秒
6600101,250,行动,22,周围陷入发狂时，提升攻击力＋１,周围有任意角色发狂后，造成伤害+22%，持续20秒
6610800,380,攻击力,5,提升属性攻击力,魔力/火/雷/圣属性伤害+5%
6610801,381,攻击力,8,提升属性攻击力＋１,魔力/火/雷/圣属性伤害+8%
6610802,382,攻击力,10,提升属性攻击力＋２,魔力/火/雷/圣属性伤害+10%
6611200,300,攻击力,5,强化魔法,魔法造成的伤害+5% (只要用魔法杖打出的都算）
6611201,301,攻击力,8.5,强化魔法＋１,魔法造成的伤害+8.5% (只要用魔法杖打出的都算）
6611202,302,攻击力,10,强化魔法＋２,魔法造成的伤害+10% (只要用魔法杖打出的都算）
6611300,277,攻击力,5,强化祷告,祷告造成的伤害+5%
6611301,278,攻击力,8.5,强化祷告＋１,祷告造成的伤害+8.5%
6611302,279,攻击力,10,强化祷告＋２,祷告造成的伤害+10%
7001400,409,攻击力,4,提升物理攻击力,物理攻击力 +4%
7001401,410,攻击力,5,提升物理攻击力 +１,物理攻击力 +5%
7001402,411,攻击力,6,提升物理攻击力 +２,物理攻击力 +6%
7001500,441,攻击力,4.5,提升魔力属性攻击力,魔力属性攻击力 +4.5%
7001501,442,攻击力,5.5,提升魔力属性攻击力 +１,魔力属性攻击力 +5.5%
7001502,443,攻击力,6.5,提升魔力属性攻击力 +２,魔力属性攻击力 +6.5%
7001600,401,攻击力,4.5,提升火属性攻击力,火属性攻击力 +4.5%
7001601,402,攻击力,5.5,提升火属性攻击力 +１,火属性攻击力 +5.5%
7001602,403,攻击力,6.5,提升火属性攻击力 +２,火属性攻击力 +6.5%
7001700,433,攻击力,4.5,提升雷属性攻击力,雷属性攻击力 +4.5%
7001701,434,攻击力,5.5,提升雷属性攻击力 +１,雷属性攻击力 +5.5%
7001702,435,攻击力,6.5,提升雷属性攻击力 +２,雷属性攻击力 +6.5%
7001800,343,攻击力,4.5,提升圣属性攻击力,圣属性攻击力 +4.5%
7001801,344,攻击力,5.5,提升圣属性攻击力 +１,圣属性攻击力 +5.5%
7001802,345,攻击力,6.5,提升圣属性攻击力 +２,圣属性攻击力 +6.5%
7006000,336,攻击力,5,提升双手共持时，造成失去平衡的能力,双手共持时，造成的削韧 +5%
7006100,338,攻击力,5,提升双手各持时，造成失去平衡的能力,双手各持时，造成的削韧 +5%
7006600,424,专属遗物,6,【安定的遗志/安定者的遗志】提升近战攻击力,近战攻击造成的伤害 +6% (包括近战武器打出的弹道型远程战技)
7006700,384,专属遗物,15,【安定的遗志/安定者的遗志】提升战技攻击力,战技造成的伤害 +15%
7030900,461,攻击力,10,涂抹油脂类道具时，能额外提升物理攻击力,30秒内，增加物理伤害 +10%
7032200,244,攻击力,15,受到攻击时，能提升攻击力,10秒内，造成的伤害 +15%
7035800,572,攻击力,10,附加属性攻击力时，能提升属性攻击力,魔力/火/雷/圣属性伤害 +10%（本词条不能加成魔法/祷告）
7035900,222,攻击力,10,切换武器时，能提升物理攻击力,10秒内，物理攻击力 +10%
7040000,291,攻击力,15,强化轻攻击的第一记攻击,轻击第一下造成的伤害 +15%
7040100,296,攻击力,18,强化防御反击,防御反击造成的伤害 +18%
7040200,283,攻击力,18,强化致命一击,致命一击造成的伤害 +18%
7040201,284,攻击力,20,强化致命一击+１ (爵的黑夜),致命一击造成的伤害 +20%
7040300,388,攻击力,15,提升投掷壶的攻击力,投掷壶造成的伤害 +15%
7040400,391,攻击力,15,提升投掷小刀的攻击力,投投掷小刀造成的伤害 +15%
7040500,330,攻击力,15,提升使用辉石、重力石道具的攻击力,投投掷石头造成的伤害 +15%
7043000,270,攻击力,12,强化咆哮与吐息,咆哮与吐息造成的伤害 +12%
7043100,287,攻击力,12,强化调香术,调香术造成的伤害 +12%
7043200,273,魔法/祷告,12,强化挖石的魔法,挖石的魔法造成的伤害 +12%
7043300,269,魔法/祷告,12,强化卡利亚剑的魔法,卡利亚剑的魔法造成的伤害 +12%
7043400,292,魔法/祷告,12,强化辉剑的魔法,辉剑的魔法造成的伤害 +12%
7043500,299,魔法/祷告,12,强化隐形的魔法,隐形的魔法造成的伤害 +12%
7043600,281,魔法/祷告,12,强化结晶人的魔法,结晶人的魔法造成的伤害 +12%
7043700,294,魔法/祷告,12,强化重力的魔法,重力的魔法造成的伤害 +12%
7043800,285,魔法/祷告,12,强化荆棘的魔法,荆棘的魔法造成的伤害 +12%
7044000,304,魔法/祷告,12,强化黄金律法基本主义的祷告,黄金律法基本主义的祷告造成的伤害 +12%
7044100,275,魔法/祷告,12,强化王城古龙信仰的祷告,王城古龙信仰的祷告造成的伤害 +12%
7044200,272,魔法/祷告,12,强化巨人火焰的祷告,巨人火焰的祷告造成的伤害 +12%
7044300,274,魔法/祷告,12,强化狩猎神祇的祷告,狩猎神祇的祷告造成的伤害 +12%
7044400,295,魔法/祷告,12,强化野兽的祷告,野兽的祷告造成的伤害 +12%
7044500,276,魔法/祷告,12,强化癫火的祷告,癫火的祷告造成的伤害 +12%
7044600,305,魔法/祷告,12,强化龙飨的祷告,龙飨的祷告造成的伤害 +12%
7060000,456,攻击力,5,每次打倒封印监牢里的囚犯，能提升攻击力,造成的伤害每次 +5%，局内无限成长
7060200,459,攻击力,7,每次打倒黑夜入侵者，能提升攻击力,造成的伤害每次 +7%，局内无限成长
7080000,518,仅限特定武器,20,装备三把以上类别为短剑的武器，能提升攻击力,造成的伤害 +20%，指定放在背包里就可生效，用别的武器也可增伤
7080100,516,仅限特定武器,20,装备三把以上类别为直剑的武器，能提升攻击力,造成的伤害 +20%，指定放在背包里就可生效，用别的武器也可增伤
7080200,500,仅限特定武器,20,装备三把以上类别为大剑的武器，能提升攻击力,造成的伤害 +20%，指定放在背包里就可生效，用别的武器也可增伤
7080300,514,仅限特定武器,20,装备三把以上类别为特大剑的武器，能提升攻击力,造成的伤害 +20%，指定放在背包里就可生效，用别的武器也可增伤
7080400,512,仅限特定武器,20,装备三把以上类别为曲剑的武器，能提升攻击力,造成的伤害 +20%，指定放在背包里就可生效，用别的武器也可增伤
7080500,502,仅限特定武器,20,装备三把以上类别为大曲剑的武器，能提升攻击力,造成的伤害 +20%，指定放在背包里就可生效，用别的武器也可增伤
7080600,496,仅限特定武器,20,装备三把以上类别为刀的武器，能提升攻击力,造成的伤害 +20%，指定放在背包里就可生效，用别的武器也可增伤
7080700,498,仅限特定武器,20,装备三把以上类别为双头剑的武器，能提升攻击力,造成的伤害 +20%，指定放在背包里就可生效，用别的武器也可增伤
7080800,497,仅限特定武器,20,装备三把以上类别为刺剑的武器，能提升攻击力,造成的伤害 +20%，指定放在背包里就可生效，用别的武器也可增伤
7080900,521,仅限特定武器,20,装备三把以上类别为重刺剑的武器，能提升攻击力,造成的伤害 +20%，指定放在背包里就可生效，用别的武器也可增伤
7081000,511,仅限特定武器,20,装备三把以上类别为斧的武器，能提升攻击力,造成的伤害 +20%，指定放在背包里就可生效，用别的武器也可增伤
7081100,501,仅限特定武器,20,装备三把以上类别为大斧的武器，能提升攻击力,造成的伤害 +20%，指定放在背包里就可生效，用别的武器也可增伤
7081200,513,仅限特定武器,20,装备三把以上类别为槌的武器，能提升攻击力,造成的伤害 +20%，指定放在背包里就可生效，用别的武器也可增伤
7081300,503,仅限特定武器,20,装备三把以上类别为大槌的武器，能提升攻击力,造成的伤害 +20%，指定放在背包里就可生效，用别的武器也可增伤
7081400,520,仅限特定武器,20,装备三把以上类别为连枷的武器，能提升攻击力,造成的伤害 +20%，指定放在背包里就可生效，用别的武器也可增伤
7081500,517,仅限特定武器,20,装备三把以上类别为矛的武器，能提升攻击力,造成的伤害 +20%，指定放在背包里就可生效，用别的武器也可增伤
7081700,505,仅限特定武器,20,装备三把以上类别为大矛的武器，能提升攻击力,造成的伤害 +20%，指定放在背包里就可生效，用别的武器也可增伤
7081800,508,仅限特定武器,20,装备三把以上类别为戟的武器，能提升攻击力,造成的伤害 +20%，指定放在背包里就可生效，用别的武器也可增伤
7081900,523,仅限特定武器,20,装备三把以上类别为镰刀的武器，能提升攻击力,造成的伤害 +20%，指定放在背包里就可生效，用别的武器也可增伤
7082000,510,仅限特定武器,20,装备三把以上类别为拳头的武器，能提升攻击力,造成的伤害 +20%，指定放在背包里就可生效，用别的武器也可增伤
7082100,522,仅限特定武器,20,装备三把以上类别为钩爪的武器，能提升攻击力,造成的伤害 +20%，指定放在背包里就可生效，用别的武器也可增伤
7082200,519,仅限特定武器,20,装备三把以上类别为软鞭的武器，能提升攻击力,造成的伤害 +20%，指定放在背包里就可生效，用别的武器也可增伤
7082300,515,仅限特定武器,20,装备三把以上类别为特大武器的武器，能提升攻击力,造成的伤害 +20%，指定放在背包里就可生效，用别的武器也可增伤
7082400,507,仅限特定武器,10,装备三把以上类别为弓的武器，能提升攻击力,造成的伤害 +10%，指定放在背包里就可生效，用别的武器也可增伤
7150000,565,攻击力,20,防御反击成功时，能依照自己目前的血量提升伤害,提升防御反击伤害，提升数值为人物最大生命值的 5%
7260000,257,行动,10,对陷入中毒的敌人，能强化攻击,对中毒的敌人造成的伤害 +10%
7260300,263,行动,10,对陷入猩红腐败的敌人，能强化攻击,对猩红腐败的敌人造成的伤害 +10%
7260400,260,行动,10,对陷入冻伤的敌人，能强化攻击,对冻伤的敌人造成的伤害 +10%
7260800,245,行动,12,周围人物陷入中毒、腐败时，能提升攻击力 (智的黑夜),20秒内，玩家造成的伤害 +12%
7330000,419,攻击力,9,提升短剑的攻击力,造成的伤害 +9%
7330100,417,攻击力,9,提升直剑的攻击力,造成的伤害 +9%
7330200,349,攻击力,9,提升大剑的攻击力,造成的伤害 +9%
7330300,414,攻击力,9,提升特大剑的攻击力,造成的伤害 +9%
7330400,396,攻击力,9,提升曲剑的攻击力,造成的伤害 +9%
7330500,351,攻击力,9,提升大曲剑的攻击力,造成的伤害 +9%
7330600,333,攻击力,9,提升刀的攻击力,造成的伤害 +9%
7330700,335,攻击力,9,提升双头剑的攻击力,造成的伤害 +9%
7330800,334,攻击力,9,提升刺剑的攻击力,造成的伤害 +9%
7330900,426,攻击力,9,提升重刺剑的攻击力,造成的伤害 +9%
7331000,395,攻击力,9,提升斧的攻击力,造成的伤害 +9%
7331100,350,攻击力,9,提升大斧的攻击力,造成的伤害 +9%
7331200,397,攻击力,9,提升槌的攻击力,造成的伤害 +9%
7331300,352,攻击力,9,提升大槌的攻击力,造成的伤害 +9%
7331400,425,攻击力,9,提升连枷的攻击力,造成的伤害 +9%
7331500,418,攻击力,9,提升矛的攻击力,造成的伤害 +9%
7331700,353,攻击力,9,提升大矛的攻击力,造成的伤害 +9%
7331800,385,攻击力,9,提升戟的攻击力,造成的伤害 +9%
7331900,428,攻击力,9,提升镰刀的攻击力,造成的伤害 +9%
7332000,394,攻击力,9,提升拳头的攻击力,造成的伤害 +9%
7332100,427,攻击力,9,提升钩爪的攻击力,造成的伤害 +9%
7332200,423,攻击力,9,提升软鞭的攻击力,造成的伤害 +9%
7332300,415,攻击力,9,提升特大武器的攻击力,造成的伤害 +9%
7332400,383,攻击力,6,提升弓的攻击力,造成的伤害 +6%
