category_id,category_name,family_id,family_name,hero_type,effect_id,effect_name,level,strength_note,strength_value,stack_rule,stack_type,adds_curse,is_curse,rollable,excel_sheet,meta_source
1,"【复仇者】与家人并肩战斗期间,能强化自身",1,"【复仇者】与家人并肩战斗期间,能强化自身",6,7220000,【复仇者】与家人并肩战斗期间，能强化自身,0,召唤家人时激活不同的增益效果 海伦：玩家每秒回复1点生命值 弗雷德利克：玩家造成的伤害+10% 塞巴斯蒂安：玩家受到的魔力/火/雷/圣属性伤害-20%,10.0,相同词条不可叠加,none,,0,1,normal,excel
2,"【复仇者】发动绝招时,能以自己的血量为代价完全恢复周围我方人物的血量",2,"【复仇者】发动绝招时,能以自己的血量为代价完全恢复周围我方人物的血量",6,16002,【复仇者】发动绝招时，能以自己的血量为代价　完全恢复周围我方人物的血量,0,,0.0,,unknown,,0,1,,param
2,"【复仇者】发动绝招时,能以自己的血量为代价完全恢复周围我方人物的血量",2,"【复仇者】发动绝招时,能以自己的血量为代价完全恢复周围我方人物的血量",6,7010900,【复仇者】发动绝招时，能以自己的血量为代价 完全恢复周围我方人物的血量,0,扣除自身最大生命值的50%，周围友军回复最大生命值的100%,50.0,相同词条不可叠加,none,,0,1,normal,excel
3,"【复仇者】发动绝招时,能引发灵火爆炸",3,"【复仇者】发动绝招时,能引发灵火爆炸",6,7011200,【复仇者】发动绝招时，能引发灵火爆炸,0,,0.0,相同词条不可叠加,none,,0,1,normal,excel
4,"【复仇者】发动绝招时,能强化家人与我方人物",4,"【复仇者】发动绝招时,能强化家人与我方人物",6,7031200,【复仇者】发动绝招时，能强化家人与我方人物,0,30秒内，造成的伤害+25%,25.0,相同词条不可叠加,none,,0,1,normal,excel
5,"【复仇者】发动能力时,能提升专注值上限",5,"【复仇者】发动能力时,能提升专注值上限",6,6500500,【复仇者】发动能力时，能提升专注值上限,0,每次发动能力【死灵术】，提升专注值上限，局内无限成长 最多可成长60次，封顶+51%专注值上限 第1~20次：每次成长+0.75%专注值上限 第21~40次：每次成长+0.85%专注值上限 第41~60次：每次成长+0.95%专注值上限,51.0,相同词条不可叠加,none,不附带负面词条,0,1,deep,excel
6,"【复仇者】提升力气,但降低信仰",6,"【复仇者】提升力气,但降低信仰",6,6645100,【复仇者】提升力气，但降低信仰,0,等级1时，力气+2，信仰-1 等级12时达到变化最大值，力气+25，信仰-6,0.0,相同词条不可叠加 同一个角色的不同改属性词条可叠加,none,不附带负面词条,0,1,deep,excel
7,"【复仇者】提升生命力、耐力,但降低集中力",7,"【复仇者】提升生命力、耐力,但降低集中力",6,6645000,【复仇者】提升生命力、耐力，但降低集中力,0,等级1时，生命力+1，耐力+1，集中力-1 等级12时达到变化最大值，生命力+5，耐力+5，集中力-11,0.0,相同词条不可叠加 同一个角色的不同改属性词条可叠加,none,不附带负面词条,0,1,deep,excel
8,"【女爵】从背后使出致命一击后,自己的身影会变得难以辨识,并消除脚步声",8,"【女爵】从背后使出致命一击后,自己的身影会变得难以辨识,并消除脚步声",4,7031800,【女爵】从背后使出致命一击后， 自己的身影会变得难以辨识，并消除脚步声,0,10秒内， 敌人靠视觉发现你的概率变为0.01% 敌人靠听觉发现你的概率变为0,0.01,相同词条不可叠加,none,,0,1,normal,excel
9,"【女爵】以短剑使出连续攻击时,能对着周围的敌人,再次上演最近做过的行动",9,"【女爵】以短剑使出连续攻击时,能对着周围的敌人,再次上演最近做过的行动",4,7010700,【女爵】以短剑使出连续攻击时， 能对着周围的敌人，再次上演最近做过的行动,0,女爵用短剑连续攻击，用出整套动作最后一下时触发重演 重演造成伤害的40%,40.0,相同词条不可叠加,none,,0,1,normal,excel
10,"【女爵】发动技艺时,能进入短暂无敌状态",10,"【女爵】发动技艺时,能进入短暂无敌状态",4,6500300,【女爵】发动技艺时，能进入短暂无敌状态,0,产生12帧（0.4秒）无敌帧,0.0,相同词条不可叠加,none,不附带负面词条,0,1,deep,excel
11,"【女爵】在绝招发动期间,打倒敌人时能提升攻击力",11,"【女爵】在绝招发动期间,打倒敌人时能提升攻击力",4,7032700,【女爵】在绝招发动期间，打倒敌人时能提升攻击力,0,在12.5秒内，如果击杀敌人，会触发30秒增益状态， 造成的伤害+15%,15.0,相同词条不可叠加,none,,0,1,normal,excel
12,【女爵】提升技艺造成的伤害,12,【女爵】提升技艺造成的伤害,4,7290000,【女爵】提升技艺造成的伤害,0,重演从50%伤害变为60%,50.0,相同词条不可叠加,none,,0,1,normal,excel
13,"【女爵】提升生命力、力气,但降低集中力",13,"【女爵】提升生命力、力气,但降低集中力",4,6643000,【女爵】提升生命力、力气，但降低集中力,0,等级1时，生命力+1，力气+2，集中力-2 等级12时达到变化最大值，生命力+3，力气+24，集中力-14,0.0,相同词条不可叠加 同一个角色的不同改属性词条可叠加,none,不附带负面词条,0,1,deep,excel
14,"【女爵】提升集中力、信仰,但降低智力",14,"【女爵】提升集中力、信仰,但降低智力",4,6643100,【女爵】提升集中力、信仰，但降低智力,0,等级1时，集中力+1，信仰+2，智力-1 等级12时达到变化最大值，集中力+3，信仰+13，智力-5,0.0,相同词条不可叠加 同一个角色的不同改属性词条可叠加,none,不附带负面词条,0,1,deep,excel
15,"【学者】使用技艺时,提升目标我方人物的攻击力",15,"【学者】使用技艺时,提升目标我方人物的攻击力",9,19001,【学者】使用技艺时，提升目标我方人物的攻击力,0,,0.0,,unknown,,0,1,,param
15,"【学者】使用技艺时,提升目标我方人物的攻击力",15,"【学者】使用技艺时,提升目标我方人物的攻击力",9,7036300,【学者】使用技艺时，提升目标我方人物的攻击力,0,,0.0,,unknown,,0,1,,param
16,【学者】减缓技艺进行率的下降幅度,16,【学者】减缓技艺进行率的下降幅度,9,7036200,【学者】减缓技艺进行率的下降幅度,0,,0.0,,unknown,,0,1,,param
17,"【学者】对上已用绝招连结的敌人,持续给予伤害",17,"【学者】对上已用绝招连结的敌人,持续给予伤害",9,7036400,【学者】对上已用绝招连结的敌人，持续给予伤害,0,,0.0,,unknown,,0,1,,param
18,"【学者】对自己使用技艺时,能减少消耗的专注值",18,"【学者】对自己使用技艺时,能减少消耗的专注值",9,6500800,【学者】对自己使用技艺时，能减少消耗的专注值,0,,0.0,,unknown,,0,1,,param
19,"【学者】提升耐力、灵巧,但降低智力、感应",19,"【学者】提升耐力、灵巧,但降低智力、感应",9,6647300,【学者】提升耐力、灵巧，但降低智力、感应,0,,0.0,,unknown,,0,1,,param
20,"【学者】提升集中力,但降低生命力",20,"【学者】提升集中力,但降低生命力",9,6647200,【学者】提升集中力，但降低生命力,0,,0.0,,unknown,,0,1,,param
21,"【学者】每次使用技艺增加样本,能获得卢恩",21,"【学者】每次使用技艺增加样本,能获得卢恩",9,7036500,【学者】每次使用技艺增加样本，能获得卢恩,0,,0.0,,unknown,,0,1,,param
22,"【守护者】以戟蓄力攻击时,能引发旋风",22,"【守护者】以戟蓄力攻击时,能引发旋风",2,7011600,【守护者】以戟蓄力攻击时，能引发旋风,0,,0.0,相同词条不可叠加,none,,0,1,normal,excel
23,"【守护者】发动技艺时,能提升周围我方人物的减伤率",23,"【守护者】发动技艺时,能提升周围我方人物的减伤率",2,6500100,【守护者】发动技艺时，能提升周围我方人物的减伤率,0,30秒内，受到的伤害-18%,18.0,相同词条不可叠加,none,不附带负面词条,0,1,deep,excel
24,"【守护者】发动绝招时,能缓慢恢复周围我方人物的血量",24,"【守护者】发动绝招时,能缓慢恢复周围我方人物的血量",2,12002,【守护者】发动绝招时，能缓慢恢复周围我方人物的血量,0,,0.0,,unknown,,0,1,,param
24,"【守护者】发动绝招时,能缓慢恢复周围我方人物的血量",24,"【守护者】发动绝招时,能缓慢恢复周围我方人物的血量",2,7012000,【守护者】发动绝招时，能缓慢恢复周围我方人物的血量,0,每秒恢复最大生命值的10%+12,10.0,相同词条不可叠加,none,,0,1,normal,excel
25,"【守护者】在能力发动期间,能反弹受到的部分损伤",25,"【守护者】在能力发动期间,能反弹受到的部分损伤",2,7033400,【守护者】在能力发动期间，能反弹受到的部分损伤,0,造成固定100点物理伤害，5点削韧，3号冲击力,0.0,相同词条不可叠加,none,,0,1,normal,excel
26,【守护者】延长技艺的有效时间,26,【守护者】延长技艺的有效时间,2,7011000,【守护者】延长技艺的有效时间,0,技艺从单次伤害变为，不蓄力持续4秒，蓄力持续7秒,0.0,相同词条不可叠加,none,,0,1,normal,excel
27,"【守护者】提升力气、灵巧,但降低生命力",27,"【守护者】提升力气、灵巧,但降低生命力",2,6641000,【守护者】提升力气、灵巧，但降低生命力,0,等级1时，力气+1，灵巧+2，生命力-1 等级12时达到变化最大值，力气+9，灵巧+19，生命力-8,0.0,相同词条不可叠加 同一个角色的不同改属性词条可叠加,none,不附带负面词条,0,1,deep,excel
28,"【守护者】提升集中力、信仰,但降低生命力",28,"【守护者】提升集中力、信仰,但降低生命力",2,6641100,【守护者】提升集中力、信仰，但降低生命力,0,等级1时，集中力+1，信仰+2，生命力-1 等级12时达到变化最大值，集中力+8，信仰+17，生命力-6,0.0,相同词条不可叠加 同一个角色的不同改属性词条可叠加,none,不附带负面词条,0,1,deep,excel
29,"【执行者】发动能力时,能缓慢恢复血量",29,"【执行者】发动能力时,能缓慢恢复血量",8,6500700,【执行者】发动能力时，能缓慢恢复血量,0,每次发动能力【不屈】，25秒内，每秒回复最大生命值的0.27%+3,0.27,相同词条不可叠加,none,不附带负面词条,0,1,deep,excel
30,"【执行者】在技艺发动期间,妖刀进入解放状态时,能恢复血量",30,"【执行者】在技艺发动期间,妖刀进入解放状态时,能恢复血量",8,7034500,【执行者】在技艺发动期间， 妖刀进入解放状态时，能恢复血量,0,固定回复100点生命值,0.0,相同词条不可叠加,none,,0,1,normal,excel
31,"【执行者】在绝招发动期间,能以咆哮恢复血量",31,"【执行者】在绝招发动期间,能以咆哮恢复血量",8,7011700,【执行者】在绝招发动期间，能以咆哮恢复血量,0,恢复最大生命值的15%，内置0.9秒冷却时间,15.0,相同词条不可叠加,none,,0,1,normal,excel
32,【执行者】提升技艺发动期间的攻击力但攻击时会减少血量,32,【执行者】提升技艺发动期间的攻击力但攻击时会减少血量,8,7034400,【执行者】提升技艺发动期间的攻击力 但攻击时会减少血量,0,发动技艺时，每次攻击-10点生命值， 造成的伤害+8%,8.0,相同词条不可叠加,none,,0,1,normal,excel
33,"【执行者】提升灵巧、感应,但降低生命力",33,"【执行者】提升灵巧、感应,但降低生命力",8,6647100,【执行者】提升灵巧、感应，但降低生命力,0,等级1时，灵巧+1，感应+1，生命力-1 等级12时达到变化最大值，灵巧+12，感应+9，生命力-7,0.0,相同词条不可叠加 同一个角色的不同改属性词条可叠加,none,不附带负面词条,0,1,deep,excel
34,"【执行者】提升生命力、耐力,但降低感应",34,"【执行者】提升生命力、耐力,但降低感应",8,6647000,【执行者】提升生命力、耐力，但降低感应,0,等级1时，生命力+1，耐力+1，感应-2 等级12时达到变化最大值，生命力+5，耐力+6，感应-13,0.0,相同词条不可叠加 同一个角色的不同改属性词条可叠加,none,不附带负面词条,0,1,deep,excel
35,"【无赖】在技艺发动期间,受到攻击时能提升攻击力与精力上限",35,"【无赖】在技艺发动期间,受到攻击时能提升攻击力与精力上限",5,7031300,【无赖】在技艺发动期间，受到攻击时 能提升攻击力与精力上限,0,20秒内，最大精力值+20%，造成的伤害+10%,20.0,相同词条不可叠加,none,,0,1,normal,excel
36,【无赖】延长绝招的有效时间,36,【无赖】延长绝招的有效时间,5,7310000,【无赖】延长绝招的有效时间,0,墓碑存在时间从20秒变为30秒,0.0,相同词条不可叠加,none,,0,1,normal,excel
37,"【无赖】技艺命中敌人时,能降低对方的攻击力",37,"【无赖】技艺命中敌人时,能降低对方的攻击力",5,6500400,【无赖】技艺命中敌人时，能降低对方的攻击力,0,13秒内，敌人造成的伤害-13%,13.0,相同词条不可叠加,none,不附带负面词条,0,1,deep,excel
38,"【无赖】提升感应,但降低生命力",38,"【无赖】提升感应,但降低生命力",5,6644100,【无赖】提升感应，但降低生命力,0,等级1时，感应+2，生命力-1 等级12时达到变化最大值，感应+17，生命力-4,0.0,相同词条不可叠加 同一个角色的不同改属性词条可叠加,none,不附带负面词条,0,1,deep,excel
39,"【无赖】提升集中力、智力,但降低生命力、耐力",39,"【无赖】提升集中力、智力,但降低生命力、耐力",5,6644000,【无赖】提升集中力、智力，但降低生命力、耐力,0,等级1时，集中力+1，智力+2，生命力-1，耐力-1 等级12时达到变化最大值，集中力+9，智力+35，生命力-8，耐力-4,0.0,相同词条不可叠加 同一个角色的不同改属性词条可叠加,none,不附带负面词条,0,1,deep,excel
40,"【追踪者】发动技艺时,能使出追加攻击(仅限大剑)",40,"【追踪者】发动技艺时,能使出追加攻击(仅限大剑)",1,7020000,【追踪者】发动技艺时，能使出追加攻击(仅限大剑),0,使用技艺后用大剑进行轻攻击，造成武器面板的155%伤害，削韧16.5 武器+20点火属性攻击力，持续20秒,155.0,相同词条不可叠加,none,,0,1,normal,excel
41,"【追踪者】发动绝招时,能燃起火焰、蔓延周围",41,"【追踪者】发动绝招时,能燃起火焰、蔓延周围",1,7010500,【追踪者】发动绝招时，能燃起火焰、蔓延周围,0,每秒造成35点基础火属性伤害,0.0,相同词条不可叠加,none,,0,1,normal,excel
42,"【追踪者】发动能力时,能累积绝招量表",42,"【追踪者】发动能力时,能累积绝招量表",1,11002,【追踪者】发动能力时，能累积绝招量表,0,,0.0,,unknown,,0,1,,param
42,"【追踪者】发动能力时,能累积绝招量表",42,"【追踪者】发动能力时,能累积绝招量表",1,7032400,【追踪者】发动能力时，能累积绝招量表,0,绝招量表+18,0.0,相同词条不可叠加,none,,0,1,normal,excel
43,【追踪者】技艺会附加引发异常状态出血的效果,43,【追踪者】技艺会附加引发异常状态出血的效果,1,6500000,【追踪者】技艺会附加引发异常状态出血的效果,0,钩出附带60点出血值，钩回附带55点出血值,0.0,相同词条不可叠加,none,不附带负面词条,0,1,deep,excel
44,【追踪者】技艺的使用次数+1,44,【追踪者】技艺的使用次数,1,11000,【追踪者】技艺的使用次数＋１,1,,0.0,,unknown,,0,1,,param
44,【追踪者】技艺的使用次数+1,44,【追踪者】技艺的使用次数,1,7033200,【追踪者】技艺的使用次数＋１,1,,0.0,相同词条不可叠加,none,,0,1,normal,excel
45,"【追踪者】提升智力、信仰,但降低力气、灵巧",45,"【追踪者】提升智力、信仰,但降低力气、灵巧",1,6640100,【追踪者】提升智力、信仰，但降低力气、灵巧,0,等级1时，智力+1，信仰+1，力气-1，灵巧-1 等级12时达到变化最大值，智力+15，信仰+15，力气-7、灵巧-5,0.0,相同词条不可叠加 同一个角色的不同改属性词条可叠加,none,不附带负面词条,0,1,deep,excel
46,"【追踪者】提升集中力,但降低生命力",46,"【追踪者】提升集中力,但降低生命力",1,6640000,【追踪者】提升集中力，但降低生命力,0,等级1时，集中力+1，生命力-1 等级12时达到变化最大值，集中力+10，生命力-5,0.0,相同词条不可叠加 同一个角色的不同改属性词条可叠加,none,不附带负面词条,0,1,deep,excel
47,【送葬者】使用祷告将辅助效果附加在自己身上时提升物理攻击力,47,【送葬者】使用祷告将辅助效果附加在自己身上时提升物理攻击力,10,7037000,【送葬者】使用祷告将辅助效果附加在自己身上时提升物理攻击力,0,,0.0,,unknown,,0,1,,param
48,"【送葬者】发动绝招后,能再次使用技艺",48,"【送葬者】发动绝招后,能再次使用技艺",10,6500900,【送葬者】发动绝招后，能再次使用技艺,0,,0.0,,unknown,,0,1,,param
49,"【送葬者】发动绝招时,恢复触碰到的我方人物的血量",49,"【送葬者】发动绝招时,恢复触碰到的我方人物的血量",10,7037300,【送葬者】发动绝招时，恢复触碰到的我方人物的血量,0,,0.0,,unknown,,0,1,,param
50,"【送葬者】发动绝招时,提升攻击力",50,"【送葬者】发动绝招时,提升攻击力",10,7036800,【送葬者】发动绝招时，提升攻击力,0,,0.0,,unknown,,0,1,,param
51,"【送葬者】提升灵巧,但降低生命力、信仰",51,"【送葬者】提升灵巧,但降低生命力、信仰",10,6647400,【送葬者】提升灵巧，但降低生命力、信仰,0,,0.0,,unknown,,0,1,,param
52,"【送葬者】提升集中力、信仰,但降低力气",52,"【送葬者】提升集中力、信仰,但降低力气",10,6647500,【送葬者】提升集中力、信仰，但降低力气,0,,0.0,,unknown,,0,1,,param
53,"【送葬者】连击的最后攻击命中时,提升攻击力",53,"【送葬者】连击的最后攻击命中时,提升攻击力",10,7036900,【送葬者】连击的最后攻击命中时，提升攻击力,0,,0.0,,unknown,,0,1,,param
54,"【铁之眼】发动绝招后,强化突刺反击",54,"【铁之眼】发动绝招后,强化突刺反击",3,7034700,【铁之眼】发动绝招后，强化突刺反击,0,30秒内，触发突刺反击时，造成的物理伤害+20%,20.0,相同词条不可叠加,none,,0,1,normal,excel
55,【铁之眼】延长弱点显露的时间,55,【铁之眼】延长弱点显露的时间,3,7280000,【铁之眼】延长弱点显露的时间,0,增加标记存在时间，标记存在22秒 不使用这个词条的遗物为17.5秒,0.0,相同词条不可叠加,none,,0,1,normal,excel
56,"【铁之眼】技艺会附加引发异常状态中毒的效果对上陷入中毒的敌人,能给予大伤害",56,"【铁之眼】技艺会附加引发异常状态中毒的效果对上陷入中毒的敌人,能给予大伤害",3,6500200,【铁之眼】技艺会附加引发异常状态中毒的效果 对上陷入中毒的敌人，能给予大伤害,0,附带70点中毒值，如果目标已经中毒，扣除敌人最大生命值的0.25%+250 中毒：40秒内，每秒扣除敌人最大生命值的0.1%+10,0.25,相同词条不可叠加,none,不附带负面词条,0,1,deep,excel
57,【铁之眼】技艺的使用次数+1,57,【铁之眼】技艺的使用次数,3,7270100,【铁之眼】技艺的使用次数＋１,1,,0.0,相同词条不可叠加,none,,0,1,normal,excel
58,"【铁之眼】提升感应,但降低灵巧",58,"【铁之眼】提升感应,但降低灵巧",3,6642000,【铁之眼】提升感应，但降低灵巧,0,等级1时，感应+2，灵巧-1 等级12时达到变化最大值，感应+15，灵巧-9,0.0,相同词条不可叠加 同一个角色的不同改属性词条可叠加,none,不附带负面词条,0,1,deep,excel
59,"【铁之眼】提升生命力、力气,但降低灵巧",59,"【铁之眼】提升生命力、力气,但降低灵巧",3,6642100,【铁之眼】提升生命力、力气，但降低灵巧,0,等级1时，生命力+1，力气+2，灵巧-2 等级12时达到变化最大值，生命力+5，力气+20，灵巧-13,0.0,相同词条不可叠加 同一个角色的不同改属性词条可叠加,none,不附带负面词条,0,1,deep,excel
60,"【铁之眼】蓄力发动绝招时,附加异常状态中毒",60,"【铁之眼】蓄力发动绝招时,附加异常状态中毒",3,7034600,【铁之眼】蓄力发动绝招时，附加异常状态中毒,0,附带300点中毒值，造成中毒异常， 40秒内，每秒扣除敌人最大生命值的0.1%+10,0.1,相同词条不可叠加,none,,0,1,normal,excel
61,"【隐士】发动绝招时,能提升血量上限",61,"【隐士】发动绝招时,能提升血量上限",7,7034100,【隐士】发动绝招时，能提升血量上限,0,30秒内，提升生命值上限50%,50.0,相同词条不可叠加,none,,0,1,normal,excel
62,"【隐士】发动绝招时,自己陷入异常状态出血,提升攻击力",62,"【隐士】发动绝招时,自己陷入异常状态出血,提升攻击力",7,7032900,【隐士】发动绝招时， 自己陷入异常状态出血，提升攻击力,0,引发特殊的出血异常，固定扣除自身最大生命值的20% 30秒内，造成的伤害+16%,20.0,相同词条不可叠加,none,,0,1,normal,excel
63,"【隐士】发动绝招时自己陷入异常状态出血,提升攻击力",63,"【隐士】发动绝招时自己陷入异常状态出血,提升攻击力",7,17002,【隐士】发动绝招时　自己陷入异常状态出血，提升攻击力,0,,0.0,,unknown,,0,1,,param
64,"【隐士】提升智力、信仰,但降低集中力",64,"【隐士】提升智力、信仰,但降低集中力",7,6646100,【隐士】提升智力、信仰，但降低集中力,0,等级1时，智力+2，信仰+2，集中力-2 等级12时达到变化最大值，智力+12，信仰+12，集中力-13,0.0,相同词条不可叠加 同一个角色的不同改属性词条可叠加,none,不附带负面词条,0,1,deep,excel
65,"【隐士】提升生命力、耐力、灵巧,但降低智力、信仰",65,"【隐士】提升生命力、耐力、灵巧,但降低智力、信仰",7,6646000,【隐士】提升生命力、耐力、灵巧，但降低智力、信仰,0,等级1时，生命力+1，耐力+1，灵巧+2，智力-1，信仰-1 等级12时达到变化最大值，生命力+4，耐力+5，灵巧+20，智力-10，信仰-10,0.0,相同词条不可叠加 同一个角色的不同改属性词条可叠加,none,不附带负面词条,0,1,deep,excel
66,"【隐士】收集属性痕时,能提升该属性的减伤率",66,"【隐士】收集属性痕时,能提升该属性的减伤率",7,6500600,【隐士】收集属性痕时，能提升该属性的减伤率,0,30秒内，受到对应属性的伤害-20%,20.0,相同词条不可叠加,none,不附带负面词条,0,1,deep,excel
67,"【隐士】收集属性痕时,能触发“魔法之境”",67,"【隐士】收集属性痕时,能触发“魔法之境”",7,7032800,【隐士】收集属性痕时，能触发“魔法之境”,0,产生持续30秒的“魔法之境”， 在周围的玩家造成的魔力属性伤害+15%,15.0,相同词条不可叠加,none,,0,1,normal,excel
68,"一定时间间隔内,形成多支辉剑",68,"一定时间间隔内,形成多支辉剑",,8530000,一定时间间隔内，形成多支辉剑,0,,0.0,,unknown,,0,1,,param
69,"一定时间间隔内,形成大量辉剑",69,"一定时间间隔内,形成大量辉剑",,8530100,一定时间间隔内，形成大量辉剑,0,,0.0,,unknown,,0,1,,param
70,"不包含自己,提升周围我方人物的精力恢复速度",70,"不包含自己,提升周围我方人物的精力恢复速度",,7050000,不包含自己，提升周围我方人物的精力恢复速度,0,周围友方人物但不包括自己，精力恢复速度+4点/秒,4.0,叠加性未知，有待进一步研究,unknown,,0,1,normal,excel
71,"以刀攻击时,恢复专注值",71,"以刀攻击时,恢复专注值",,7350600,以刀攻击时，恢复专注值,0,固定回复2点专注值,0.0,相同词条不可叠加,none,,0,1,normal,excel
72,"以刀攻击时,恢复血量",72,"以刀攻击时,恢复血量",,7340600,以刀攻击时，恢复血量,0,固定回复15点生命值,0.0,相同词条不可叠加,none,,0,1,normal,excel
73,"以刺剑攻击时,恢复专注值",73,"以刺剑攻击时,恢复专注值",,7350800,以刺剑攻击时，恢复专注值,0,固定回复2点专注值,0.0,相同词条不可叠加,none,,0,1,normal,excel
74,"以刺剑攻击时,恢复血量",74,"以刺剑攻击时,恢复血量",,7340800,以刺剑攻击时，恢复血量,0,固定回复15点生命值,0.0,相同词条不可叠加,none,,0,1,normal,excel
75,"以双头剑攻击时,恢复专注值",75,"以双头剑攻击时,恢复专注值",,7350700,以双头剑攻击时，恢复专注值,0,固定回复2点专注值,0.0,相同词条不可叠加,none,,0,1,normal,excel
76,"以双头剑攻击时,恢复血量",76,"以双头剑攻击时,恢复血量",,7340700,以双头剑攻击时，恢复血量,0,固定回复15点生命值,0.0,相同词条不可叠加,none,,0,1,normal,excel
77,"以大剑攻击时,恢复专注值",77,"以大剑攻击时,恢复专注值",,7350200,以大剑攻击时，恢复专注值,0,固定回复2点专注值,0.0,相同词条不可叠加,none,,0,1,normal,excel
78,"以大剑攻击时,恢复血量",78,"以大剑攻击时,恢复血量",,7340200,以大剑攻击时，恢复血量,0,固定回复15点生命值,0.0,相同词条不可叠加,none,,0,1,normal,excel
79,"以大斧攻击时,恢复专注值",79,"以大斧攻击时,恢复专注值",,7351100,以大斧攻击时，恢复专注值,0,固定回复2点专注值,0.0,相同词条不可叠加,none,,0,1,normal,excel
80,"以大斧攻击时,恢复血量",80,"以大斧攻击时,恢复血量",,7341100,以大斧攻击时，恢复血量,0,固定回复15点生命值,0.0,相同词条不可叠加,none,,0,1,normal,excel
81,"以大曲剑攻击时,恢复专注值",81,"以大曲剑攻击时,恢复专注值",,7350500,以大曲剑攻击时，恢复专注值,0,固定回复2点专注值,0.0,相同词条不可叠加,none,,0,1,normal,excel
82,"以大曲剑攻击时,恢复血量",82,"以大曲剑攻击时,恢复血量",,7340500,以大曲剑攻击时，恢复血量,0,固定回复15点生命值,0.0,相同词条不可叠加,none,,0,1,normal,excel
83,"以大槌攻击时,恢复专注值",83,"以大槌攻击时,恢复专注值",,7351300,以大槌攻击时，恢复专注值,0,固定回复2点专注值,0.0,相同词条不可叠加,none,,0,1,normal,excel
84,"以大槌攻击时,恢复血量",84,"以大槌攻击时,恢复血量",,7341300,以大槌攻击时，恢复血量,0,固定回复15点生命值,0.0,相同词条不可叠加,none,,0,1,normal,excel
85,"以大矛攻击时,恢复专注值",85,"以大矛攻击时,恢复专注值",,7351700,以大矛攻击时，恢复专注值,0,固定回复2点专注值,0.0,相同词条不可叠加,none,,0,1,normal,excel
86,"以大矛攻击时,恢复血量",86,"以大矛攻击时,恢复血量",,7341700,以大矛攻击时，恢复血量,0,固定回复15点生命值,0.0,相同词条不可叠加,none,,0,1,normal,excel
87,"以弓攻击时,恢复专注值",87,"以弓攻击时,恢复专注值",,7352400,以弓攻击时，恢复专注值,0,固定回复2点专注值,0.0,相同词条不可叠加,none,,0,1,normal,excel
88,"以弓攻击时,恢复血量",88,"以弓攻击时,恢复血量",,7342400,以弓攻击时，恢复血量,0,固定回复15点生命值,0.0,相同词条不可叠加,none,,0,1,normal,excel
89,"以戟攻击时,恢复专注值",89,"以戟攻击时,恢复专注值",,7351800,以戟攻击时，恢复专注值,0,固定回复2点专注值,0.0,相同词条不可叠加,none,,0,1,normal,excel
90,"以戟攻击时,恢复血量",90,"以戟攻击时,恢复血量",,7341800,以戟攻击时，恢复血量,0,固定回复15点生命值,0.0,相同词条不可叠加,none,,0,1,normal,excel
91,"以拳头攻击时,恢复专注值",91,"以拳头攻击时,恢复专注值",,7352000,以拳头攻击时，恢复专注值,0,固定回复2点专注值,0.0,相同词条不可叠加,none,,0,1,normal,excel
92,"以拳头攻击时,恢复血量",92,"以拳头攻击时,恢复血量",,7342000,以拳头攻击时，恢复血量,0,固定回复15点生命值,0.0,相同词条不可叠加,none,,0,1,normal,excel
93,"以斧攻击时,恢复专注值",93,"以斧攻击时,恢复专注值",,7351000,以斧攻击时，恢复专注值,0,固定回复2点专注值,0.0,相同词条不可叠加,none,,0,1,normal,excel
94,"以斧攻击时,恢复血量",94,"以斧攻击时,恢复血量",,7341000,以斧攻击时，恢复血量,0,固定回复15点生命值,0.0,相同词条不可叠加,none,,0,1,normal,excel
95,"以曲剑攻击时,恢复专注值",95,"以曲剑攻击时,恢复专注值",,7350400,以曲剑攻击时，恢复专注值,0,固定回复2点专注值,0.0,相同词条不可叠加,none,,0,1,normal,excel
96,"以曲剑攻击时,恢复血量",96,"以曲剑攻击时,恢复血量",,7340400,以曲剑攻击时，恢复血量,0,固定回复15点生命值,0.0,相同词条不可叠加,none,,0,1,normal,excel
97,"以槌攻击时,恢复专注值",97,"以槌攻击时,恢复专注值",,7351200,以槌攻击时，恢复专注值,0,固定回复2点专注值,0.0,相同词条不可叠加,none,,0,1,normal,excel
98,"以槌攻击时,恢复血量",98,"以槌攻击时,恢复血量",,7341200,以槌攻击时，恢复血量,0,固定回复15点生命值,0.0,相同词条不可叠加,none,,0,1,normal,excel
99,"以特大剑攻击时,恢复专注值",99,"以特大剑攻击时,恢复专注值",,7350300,以特大剑攻击时，恢复专注值,0,固定回复2点专注值,0.0,相同词条不可叠加,none,,0,1,normal,excel
100,"以特大剑攻击时,恢复血量",100,"以特大剑攻击时,恢复血量",,7340300,以特大剑攻击时，恢复血量,0,固定回复15点生命值,0.0,相同词条不可叠加,none,,0,1,normal,excel
101,"以特大武器攻击时,恢复专注值",101,"以特大武器攻击时,恢复专注值",,7352300,以特大武器攻击时，恢复专注值,0,固定回复2点专注值,0.0,相同词条不可叠加,none,,0,1,normal,excel
102,"以特大武器攻击时,恢复血量",102,"以特大武器攻击时,恢复血量",,7342300,以特大武器攻击时，恢复血量,0,固定回复15点生命值,0.0,相同词条不可叠加,none,,0,1,normal,excel
103,"以直剑攻击时,恢复专注值",103,"以直剑攻击时,恢复专注值",,7350100,以直剑攻击时，恢复专注值,0,固定回复2点专注值,0.0,相同词条不可叠加,none,,0,1,normal,excel
104,"以直剑攻击时,恢复血量",104,"以直剑攻击时,恢复血量",,7340100,以直剑攻击时，恢复血量,0,固定回复15点生命值,0.0,相同词条不可叠加,none,,0,1,normal,excel
105,"以矛攻击时,恢复专注值",105,"以矛攻击时,恢复专注值",,7351500,以矛攻击时，恢复专注值,0,固定回复2点专注值,0.0,相同词条不可叠加,none,,0,1,normal,excel
106,"以矛攻击时,恢复血量",106,"以矛攻击时,恢复血量",,7341500,以矛攻击时，恢复血量,0,固定回复15点生命值,0.0,相同词条不可叠加,none,,0,1,normal,excel
107,"以短剑攻击时,恢复专注值",107,"以短剑攻击时,恢复专注值",,7350000,以短剑攻击时，恢复专注值,0,固定回复2点专注值,0.0,相同词条不可叠加,none,,0,1,normal,excel
108,"以短剑攻击时,恢复血量",108,"以短剑攻击时,恢复血量",,7340000,以短剑攻击时，恢复血量,0,固定回复15点生命值,0.0,相同词条不可叠加,none,,0,1,normal,excel
109,"以软鞭攻击时,恢复专注值",109,"以软鞭攻击时,恢复专注值",,7352200,以软鞭攻击时，恢复专注值,0,固定回复2点专注值,0.0,相同词条不可叠加,none,,0,1,normal,excel
110,"以软鞭攻击时,恢复血量",110,"以软鞭攻击时,恢复血量",,7342200,以软鞭攻击时，恢复血量,0,固定回复15点生命值,0.0,相同词条不可叠加,none,,0,1,normal,excel
111,"以连枷攻击时,恢复专注值",111,"以连枷攻击时,恢复专注值",,7351400,以连枷攻击时，恢复专注值,0,固定回复2点专注值,0.0,相同词条不可叠加,none,,0,1,normal,excel
112,"以连枷攻击时,恢复血量",112,"以连枷攻击时,恢复血量",,7341400,以连枷攻击时，恢复血量,0,固定回复15点生命值,0.0,相同词条不可叠加,none,,0,1,normal,excel
113,"以重刺剑攻击时,恢复专注值",113,"以重刺剑攻击时,恢复专注值",,7350900,以重刺剑攻击时，恢复专注值,0,固定回复2点专注值,0.0,相同词条不可叠加,none,,0,1,normal,excel
114,"以重刺剑攻击时,恢复血量",114,"以重刺剑攻击时,恢复血量",,7340900,以重刺剑攻击时，恢复血量,0,固定回复15点生命值,0.0,相同词条不可叠加,none,,0,1,normal,excel
115,"以钩爪攻击时,恢复专注值",115,"以钩爪攻击时,恢复专注值",,7352100,以钩爪攻击时，恢复专注值,0,固定回复2点专注值,0.0,相同词条不可叠加,none,,0,1,normal,excel
116,"以钩爪攻击时,恢复血量",116,"以钩爪攻击时,恢复血量",,7342100,以钩爪攻击时，恢复血量,0,固定回复15点生命值,0.0,相同词条不可叠加,none,,0,1,normal,excel
117,"以镰刀攻击时,恢复专注值",117,"以镰刀攻击时,恢复专注值",,7351900,以镰刀攻击时，恢复专注值,0,固定回复2点专注值,0.0,相同词条不可叠加,none,,0,1,normal,excel
118,"以镰刀攻击时,恢复血量",118,"以镰刀攻击时,恢复血量",,7341900,以镰刀攻击时，恢复血量,0,固定回复15点生命值,0.0,相同词条不可叠加,none,,0,1,normal,excel
119,"使出致命一击时,加快累积绝招量表",119,"使出致命一击时,加快累积绝招量表",,7030800,使出致命一击时，加快累积绝招量表,0,绝招量表+5,0.0,不同级别可叠加 相同级别不可叠加,by_level,,0,1,normal,excel
120,"使出致命一击时,加快累积绝招量表+1",119,"使出致命一击时,加快累积绝招量表",,6030800,使出致命一击时，加快累积绝招量表＋１,1,绝招量表+6.5,0.0,不同级别可叠加 相同级别不可叠加,by_level,附带负面词条,0,1,deep,excel
121,"使出致命一击时,能提升精力的恢复速度",120,"使出致命一击时,能提升精力的恢复速度",,7035100,使出致命一击时，能提升精力的恢复速度,0,15秒内，精力回复速度+10点/秒,10.0,不同级别可叠加 相同级别不可叠加,by_level,,0,1,normal,excel
122,"使出致命一击时,能提升精力的恢复速度+1",120,"使出致命一击时,能提升精力的恢复速度",,6035100,使出致命一击时，能提升精力的恢复速度＋１,1,15秒内，精力回复速度+17点/秒,17.0,不同级别可叠加 相同级别不可叠加,by_level,不附带负面词条,0,1,deep,excel
123,"使出致命一击时,能提升精力的恢复速度+2",120,"使出致命一击时,能提升精力的恢复速度",,6035101,使出致命一击时，能提升精力的恢复速度＋２,2,未实装?,0.0,,unknown,,0,0,deep,excel
124,"使出致命一击时,能获得卢恩",121,"使出致命一击时,能获得卢恩",,7031900,使出致命一击时，能获得卢恩,0,+600卢恩,0.0,相同词条不可叠加,none,,0,1,normal,excel
125,"使用圣杯瓶时,连同恢复周围我方人物",122,"使用圣杯瓶时,连同恢复周围我方人物",,7010200,使用圣杯瓶时，连同恢复周围我方人物,0,自己回复最大生命值的50%，队友回复最大生命值的50%,50.0,相同词条不可叠加,none,,0,1,normal,excel
126,"使用圣杯瓶时,降低减伤率",123,"使用圣杯瓶时,降低减伤率",,6850900,使用圣杯瓶时，降低减伤率,0,使用圣杯瓶的动作中，受到的伤害+45%,45.0,相同词条可叠加,all,随机加入正面词条,1,1,deep,excel
127,信仰+1,124,信仰,,7000600,信仰＋１,1,+1点信仰,1.0,相同词条可叠加,all,,0,1,normal,excel
128,信仰+2,124,信仰,,7000601,信仰＋２,2,+2点信仰,2.0,相同词条可叠加,all,,0,1,normal,excel
129,信仰+3,124,信仰,,7000602,信仰＋３,3,+3点信仰,3.0,相同词条可叠加,all,,0,1,normal,excel
130,"减伤率降低时,偶尔会让敌人攻击失效",125,"减伤率降低时,偶尔会让敌人攻击失效",,7037800,减伤率降低时，偶尔会让敌人攻击失效,0,,0.0,,unknown,,0,1,,param
131,减少专注值消耗,126,减少专注值消耗,,6610700,减少专注值消耗,0,专注值消耗-8%,8.0,相同词条可叠加,all,不附带负面词条,0,1,deep,excel
132,减少专注值消耗+1,126,减少专注值消耗,,6610701,减少专注值消耗＋１,1,专注值消耗-13%,13.0,相同词条可叠加,all,,0,0,deep,excel
133,减少专注值消耗+2,126,减少专注值消耗,,6610702,减少专注值消耗＋２,2,专注值消耗-16%,16.0,相同词条可叠加,all,,0,0,deep,excel
134,减少战技专注值消耗,127,减少战技专注值消耗,,8350200,减少战技专注值消耗,0,,0.0,,unknown,,0,1,,param
134,减少战技专注值消耗,127,减少战技专注值消耗,,8350201,减少战技专注值消耗,0,,0.0,,unknown,,0,0,,param
134,减少战技专注值消耗,127,减少战技专注值消耗,,8350202,减少战技专注值消耗,0,,0.0,,unknown,,0,0,,param
135,减少获得的卢恩,128,减少获得的卢恩,,6840000,减少获得的卢恩,0,获得的卢恩-10%，仅对击杀奖励有效,10.0,相同词条可叠加,all,随机加入正面词条,1,1,deep,excel
136,减少魔法、祷告专注值消耗,129,减少魔法、祷告专注值消耗,,8330600,减少魔法、祷告专注值消耗,0,,0.0,,unknown,,0,1,,param
136,减少魔法、祷告专注值消耗,129,减少魔法、祷告专注值消耗,,8330601,减少魔法、祷告专注值消耗,0,,0.0,,unknown,,0,0,,param
136,减少魔法、祷告专注值消耗,129,减少魔法、祷告专注值消耗,,8330602,减少魔法、祷告专注值消耗,0,,0.0,,unknown,,0,0,,param
137,"出击时,会持有“兽骨毒飞刀”",130,"出击时,会持有“兽骨毒飞刀”",,7121500,出击时，会持有“兽骨毒飞刀”,0,,0.0,相同词条可叠加,all,,0,1,normal,excel
138,"出击时,会持有“召咒魂铃”",131,"出击时,会持有“召咒魂铃”",,7122100,出击时，会持有“召咒魂铃”,0,,0.0,相同词条可叠加,all,,0,1,normal,excel
139,"出击时,会持有“圣水壶”",132,"出击时,会持有“圣水壶”",,7121400,出击时，会持有“圣水壶”,0,,0.0,相同词条可叠加,all,,0,1,normal,excel
140,"出击时,会持有“圣油脂”",133,"出击时,会持有“圣油脂”",,7122500,出击时，会持有“圣油脂”,0,,0.0,相同词条可叠加,all,,0,1,normal,excel
141,"出击时,会持有“块状重力石”",134,"出击时,会持有“块状重力石”",,7121900,出击时，会持有“块状重力石”,0,,0.0,相同词条可叠加,all,,0,1,normal,excel
142,"出击时,会持有“坚盾油脂”",135,"出击时,会持有“坚盾油脂”",,7122600,出击时，会持有“坚盾油脂”,0,,0.0,相同词条可叠加,all,,0,1,normal,excel
143,"出击时,会持有“大刺破露滴”",136,"出击时,会持有“大刺破露滴”",,6622000,出击时，会持有“大刺破露滴”,0,,0.0,相同词条可叠加,all,不附带负面词条,0,1,deep,excel
144,"出击时,会持有“小型随身包包”",137,"出击时,会持有“小型随身包包”",,7121000,出击时，会持有“小型随身包包”,0,,0.0,相同词条可叠加,all,,0,1,normal,excel
144,"出击时,会持有“小型随身包包”",137,"出击时,会持有“小型随身包包”",,7121001,出击时，会持有“小型随身包包”,0,,0.0,,unknown,,0,1,,param
145,"出击时,会持有“岩刺破露滴”",138,"出击时,会持有“岩刺破露滴”",,6622700,出击时，会持有“岩刺破露滴”,0,,0.0,相同词条可叠加,all,不附带负面词条,0,1,deep,excel
146,"出击时,会持有“崩裂辉石”",139,"出击时,会持有“崩裂辉石”",,7121800,出击时，会持有“崩裂辉石”,0,,0.0,相同词条可叠加,all,,0,1,normal,excel
147,"出击时,会持有“带圣破露滴”",140,"出击时,会持有“带圣破露滴”",,6623100,出击时，会持有“带圣破露滴”,0,,0.0,相同词条可叠加,all,不附带负面词条,0,1,deep,excel
148,"出击时,会持有“带火破露滴”",141,"出击时,会持有“带火破露滴”",,6622800,出击时，会持有“带火破露滴”,0,,0.0,相同词条可叠加,all,不附带负面词条,0,1,deep,excel
149,"出击时,会持有“带雷破露滴”",142,"出击时,会持有“带雷破露滴”",,6623000,出击时，会持有“带雷破露滴”,0,,0.0,相同词条可叠加,all,不附带负面词条,0,1,deep,excel
150,"出击时,会持有“带魔力破露滴”",143,"出击时,会持有“带魔力破露滴”",,6622900,出击时，会持有“带魔力破露滴”,0,,0.0,相同词条可叠加,all,不附带负面词条,0,1,deep,excel
151,"出击时,会持有“投掷匕首”",144,"出击时,会持有“投掷匕首”",,7121700,出击时，会持有“投掷匕首”,0,,0.0,相同词条可叠加,all,,0,1,normal,excel
152,"出击时,会持有“振奋香”",145,"出击时,会持有“振奋香”",,6624000,出击时，会持有“振奋香”,0,,0.0,相同词条可叠加,all,不附带负面词条,0,1,deep,excel
153,"出击时,会持有“斑斓硬露滴”",146,"出击时,会持有“斑斓硬露滴”",,6621300,出击时，会持有“斑斓硬露滴”,0,,0.0,相同词条可叠加,all,不附带负面词条,0,1,deep,excel
154,"出击时,会持有“星光碎片”",147,"出击时,会持有“星光碎片”",,7126000,出击时，会持有“星光碎片”,0,,0.0,相同词条不可叠加,none,,0,1,normal,excel
154,"出击时,会持有“星光碎片”",147,"出击时,会持有“星光碎片”",,7126001,出击时，会持有“星光碎片”,0,,0.0,,unknown,,0,1,,param
154,"出击时,会持有“星光碎片”",147,"出击时,会持有“星光碎片”",,7126002,出击时，会持有“星光碎片”,0,,0.0,,unknown,,0,1,,param
155,"出击时,会持有“毒发喷雾”",148,"出击时,会持有“毒发喷雾”",,6624400,出击时，会持有“毒发喷雾”,0,,0.0,相同词条可叠加,all,不附带负面词条,0,1,deep,excel
156,"出击时,会持有“涌红结晶露滴”",149,"出击时,会持有“涌红结晶露滴”",,6621600,出击时，会持有“涌红结晶露滴”,0,,0.0,相同词条可叠加,all,不附带负面词条,0,1,deep,excel
157,"出击时,会持有“涌绿结晶露滴”",150,"出击时,会持有“涌绿结晶露滴”",,6621700,出击时，会持有“涌绿结晶露滴”,0,,0.0,相同词条可叠加,all,不附带负面词条,0,1,deep,excel
157,"出击时,会持有“涌绿结晶露滴”",150,"出击时,会持有“涌绿结晶露滴”",,6623200,出击时，会持有“涌绿结晶露滴”,0,,0.0,,unknown,,0,1,,param
158,"出击时,会持有“漫红结晶露滴”",151,"出击时,会持有“漫红结晶露滴”",,6621000,出击时，会持有“漫红结晶露滴”,0,,0.0,相同词条可叠加,all,不附带负面词条,0,1,deep,excel
159,"出击时,会持有“火油脂”",152,"出击时,会持有“火油脂”",,7122200,出击时，会持有“火油脂”,0,,0.0,相同词条可叠加,all,,0,1,normal,excel
160,"出击时,会持有“火焰壶”",153,"出击时,会持有“火焰壶”",,7121100,出击时，会持有“火焰壶”,0,,0.0,相同词条可叠加,all,,0,1,normal,excel
161,"出击时,会持有“火花香”",154,"出击时,会持有“火花香”",,6624100,出击时，会持有“火花香”,0,,0.0,相同词条可叠加,all,不附带负面词条,0,1,deep,excel
162,"出击时,会持有“爆裂结晶露滴”",155,"出击时,会持有“爆裂结晶露滴”",,6622200,出击时，会持有“爆裂结晶露滴”,0,,0.0,相同词条可叠加,all,不附带负面词条,0,1,deep,excel
163,"出击时,会持有“狂热香药”",156,"出击时,会持有“狂热香药”",,6624300,出击时，会持有“狂热香药”,0,,0.0,相同词条可叠加,all,不附带负面词条,0,1,deep,excel
164,"出击时,会持有“珍珠泡状露滴”",157,"出击时,会持有“珍珠泡状露滴”",,6621500,出击时，会持有“珍珠泡状露滴”,0,,0.0,相同词条可叠加,all,不附带负面词条,0,1,deep,excel
165,"出击时,会持有“珍珠硬露滴”",158,"出击时,会持有“珍珠硬露滴”",,6621800,出击时，会持有“珍珠硬露滴”,0,,0.0,相同词条可叠加,all,不附带负面词条,0,1,deep,excel
166,"出击时,会持有“石剑钥匙”",159,"出击时,会持有“石剑钥匙”",,7120900,出击时，会持有“石剑钥匙”,0,,0.0,相同词条不可叠加,none,,0,1,normal,excel
167,"出击时,会持有“红泡状露滴”",160,"出击时,会持有“红泡状露滴”",,6621400,出击时，会持有“红泡状露滴”,0,,0.0,相同词条可叠加,all,不附带负面词条,0,1,deep,excel
168,"出击时,会持有“红漩泡状露滴”",161,"出击时,会持有“红漩泡状露滴”",,6622500,出击时，会持有“红漩泡状露滴”,0,,0.0,相同词条可叠加,all,不附带负面词条,0,1,deep,excel
169,"出击时,会持有“红结晶露滴”",162,"出击时,会持有“红结晶露滴”",,6621100,出击时，会持有“红结晶露滴”,0,,0.0,相同词条可叠加,all,不附带负面词条,0,1,deep,excel
170,"出击时,会持有“细枝破露滴”",163,"出击时,会持有“细枝破露滴”",,6622400,出击时，会持有“细枝破露滴”,0,,0.0,相同词条可叠加,all,不附带负面词条,0,1,deep,excel
171,"出击时,会持有“结晶飞刀”",164,"出击时,会持有“结晶飞刀”",,7121600,出击时，会持有“结晶飞刀”,0,,0.0,相同词条可叠加,all,,0,1,normal,excel
172,"出击时,会持有“蓝秘密露滴”",165,"出击时,会持有“蓝秘密露滴”",,6622600,出击时，会持有“蓝秘密露滴”,0,,0.0,相同词条可叠加,all,不附带负面词条,0,1,deep,excel
173,"出击时,会持有“蓝结晶露滴”",166,"出击时,会持有“蓝结晶露滴”",,6621200,出击时，会持有“蓝结晶露滴”,0,,0.0,相同词条可叠加,all,不附带负面词条,0,1,deep,excel
174,"出击时,会持有“连刺破露滴”",167,"出击时,会持有“连刺破露滴”",,6621900,出击时，会持有“连刺破露滴”,0,,0.0,相同词条可叠加,all,不附带负面词条,0,1,deep,excel
175,"出击时,会持有“酸蚀喷雾”",168,"出击时,会持有“酸蚀喷雾”",,6624500,出击时，会持有“酸蚀喷雾”,0,,0.0,相同词条可叠加,all,不附带负面词条,0,1,deep,excel
176,"出击时,会持有“铁壶香药”",169,"出击时,会持有“铁壶香药”",,6624200,出击时，会持有“铁壶香药”,0,,0.0,相同词条可叠加,all,不附带负面词条,0,1,deep,excel
177,"出击时,会持有“铅化硬露滴”",170,"出击时,会持有“铅化硬露滴”",,6622300,出击时，会持有“铅化硬露滴”,0,,0.0,相同词条可叠加,all,不附带负面词条,0,1,deep,excel
178,"出击时,会持有“雷油脂”",171,"出击时,会持有“雷油脂”",,7122400,出击时，会持有“雷油脂”,0,,0.0,相同词条可叠加,all,,0,1,normal,excel
179,"出击时,会持有“雷电壶”",172,"出击时,会持有“雷电壶”",,7121300,出击时，会持有“雷电壶”,0,,0.0,相同词条可叠加,all,,0,1,normal,excel
180,"出击时,会持有“风结晶露滴”",173,"出击时,会持有“风结晶露滴”",,6622100,出击时，会持有“风结晶露滴”,0,,0.0,相同词条可叠加,all,不附带负面词条,0,1,deep,excel
181,"出击时,会持有“魅惑树枝”",174,"出击时,会持有“魅惑树枝”",,7122000,出击时，会持有“魅惑树枝”,0,,0.0,相同词条可叠加,all,,0,1,normal,excel
182,"出击时,会持有“魔力壶”",175,"出击时,会持有“魔力壶”",,7121200,出击时，会持有“魔力壶”,0,,0.0,相同词条可叠加,all,,0,1,normal,excel
183,"出击时,会持有“魔力油脂”",176,"出击时,会持有“魔力油脂”",,7122300,出击时，会持有“魔力油脂”,0,,0.0,相同词条可叠加,all,,0,1,normal,excel
184,"出击时,武器战技改为“决心”",177,"出击时,武器战技改为“决心”",,7124600,出击时，武器战技改为“决心”,0,,0.0,相同词条不可叠加,none,,0,1,normal,excel
185,"出击时,武器战技改为“冻霜踏地”",178,"出击时,武器战技改为“冻霜踏地”",,7124000,出击时，武器战技改为“冻霜踏地”,0,,0.0,相同词条不可叠加,none,,0,1,normal,excel
186,"出击时,武器战技改为“切腹”",179,"出击时,武器战技改为“切腹”",,7123800,出击时，武器战技改为“切腹”,0,,0.0,相同词条不可叠加,none,,0,1,normal,excel
187,"出击时,武器战技改为“双吻毒蛾”",180,"出击时,武器战技改为“双吻毒蛾”",,7123600,出击时，武器战技改为“双吻毒蛾”,0,,0.0,相同词条不可叠加,none,,0,1,normal,excel
188,"出击时,武器战技改为“寒气冻雾”",181,"出击时,武器战技改为“寒气冻雾”",,7123900,出击时，武器战技改为“寒气冻雾”,0,,0.0,相同词条不可叠加,none,,0,1,normal,excel
189,"出击时,武器战技改为“忍耐”",182,"出击时,武器战技改为“忍耐”",,7124300,出击时，武器战技改为“忍耐”,0,,0.0,相同词条不可叠加,none,,0,1,normal,excel
190,"出击时,武器战技改为“毒雾”",183,"出击时,武器战技改为“毒雾”",,7123500,出击时，武器战技改为“毒雾”,0,,0.0,相同词条不可叠加,none,,0,1,normal,excel
191,"出击时,武器战技改为“炎击”",184,"出击时,武器战技改为“炎击”",,7122900,出击时，武器战技改为“炎击”,0,,0.0,相同词条不可叠加,none,,0,1,normal,excel
192,"出击时,武器战技改为“熔岩火浆”",185,"出击时,武器战技改为“熔岩火浆”",,7123000,出击时，武器战技改为“熔岩火浆”,0,,0.0,相同词条不可叠加,none,,0,1,normal,excel
193,"出击时,武器战技改为“白影诱惑”",186,"出击时,武器战技改为“白影诱惑”",,7124100,出击时，武器战技改为“白影诱惑”,0,,0.0,相同词条不可叠加,none,,0,1,normal,excel
194,"出击时,武器战技改为“碎步”",187,"出击时,武器战技改为“碎步”",,7124400,出击时，武器战技改为“碎步”,0,,0.0,相同词条不可叠加,none,,0,1,normal,excel
195,"出击时,武器战技改为“祈祷一击”",188,"出击时,武器战技改为“祈祷一击”",,7123400,出击时，武器战技改为“祈祷一击”,0,,0.0,相同词条不可叠加,none,,0,1,normal,excel
196,"出击时,武器战技改为“神圣刀刃”",189,"出击时,武器战技改为“神圣刀刃”",,7123300,出击时，武器战技改为“神圣刀刃”,0,,0.0,相同词条不可叠加,none,,0,1,normal,excel
197,"出击时,武器战技改为“箭雨”",190,"出击时,武器战技改为“箭雨”",,7124700,出击时，武器战技改为“箭雨”,0,,0.0,相同词条不可叠加,none,,0,1,normal,excel
198,"出击时,武器战技改为“落雷”",191,"出击时,武器战技改为“落雷”",,7123100,出击时，武器战技改为“落雷”,0,,0.0,相同词条不可叠加,none,,0,1,normal,excel
199,"出击时,武器战技改为“血刃”",192,"出击时,武器战技改为“血刃”",,7123700,出击时，武器战技改为“血刃”,0,,0.0,相同词条不可叠加,none,,0,1,normal,excel
200,"出击时,武器战技改为“辉剑圆阵”",193,"出击时,武器战技改为“辉剑圆阵”",,7122700,出击时，武器战技改为“辉剑圆阵”,0,,0.0,相同词条不可叠加,none,,0,1,normal,excel
201,"出击时,武器战技改为“重力”",194,"出击时,武器战技改为“重力”",,7122800,出击时，武器战技改为“重力”,0,,0.0,相同词条不可叠加,none,,0,1,normal,excel
202,"出击时,武器战技改为“雷击斩”",195,"出击时,武器战技改为“雷击斩”",,7123200,出击时，武器战技改为“雷击斩”,0,,0.0,相同词条不可叠加,none,,0,1,normal,excel
203,"出击时,武器战技改为“风暴足”",196,"出击时,武器战技改为“风暴足”",,7124500,出击时，武器战技改为“风暴足”,0,,0.0,相同词条不可叠加,none,,0,1,normal,excel
204,"出击时,武器祷告改为“兽爪”※仅限能使用的武器类别",197,"出击时,武器祷告改为“兽爪”※仅限能使用的武器类别",,7370900,出击时，武器祷告改为“兽爪”※仅限能使用的武器类别,0,,0.0,,unknown,,0,1,,param
205,"出击时,武器祷告改为“火焰啊!”※仅限能使用的武器类别",198,"出击时,武器祷告改为“火焰啊!”※仅限能使用的武器类别",,7370600,出击时，武器祷告改为“火焰啊！”※仅限能使用的武器类别,0,,0.0,,unknown,,0,1,,param
206,"出击时,武器祷告改为“雷电枪”※仅限能使用的武器类别",199,"出击时,武器祷告改为“雷电枪”※仅限能使用的武器类别",,7370400,出击时，武器祷告改为“雷电枪”※仅限能使用的武器类别,0,,0.0,,unknown,,0,1,,param
207,"出击时,武器祷告改为“黄金之怒”※仅限能使用的武器类别",200,"出击时,武器祷告改为“黄金之怒”※仅限能使用的武器类别",,7370300,出击时，武器祷告改为“黄金之怒”※仅限能使用的武器类别,0,,0.0,,unknown,,0,1,,param
208,"出击时,武器祷告改为“龙焰”※仅限能使用的武器类别",201,"出击时,武器祷告改为“龙焰”※仅限能使用的武器类别",,7371500,出击时，武器祷告改为“龙焰”※仅限能使用的武器类别,0,,0.0,,unknown,,0,1,,param
209,"出击时,武器魔法改为“卡利亚大剑”※仅限能使用的武器类别",202,"出击时,武器魔法改为“卡利亚大剑”※仅限能使用的武器类别",,7360900,出击时，武器魔法改为“卡利亚大剑”※仅限能使用的武器类别,0,,0.0,,unknown,,0,1,,param
210,"出击时,武器魔法改为“熔岩球”※仅限能使用的武器类别",203,"出击时,武器魔法改为“熔岩球”※仅限能使用的武器类别",,7361300,出击时，武器魔法改为“熔岩球”※仅限能使用的武器类别,0,,0.0,,unknown,,0,1,,param
211,"出击时,武器魔法改为“责罚荆棘”※仅限能使用的武器类别",204,"出击时,武器魔法改为“责罚荆棘”※仅限能使用的武器类别",,7362100,出击时，武器魔法改为“责罚荆棘”※仅限能使用的武器类别,0,,0.0,,unknown,,0,1,,param
212,"出击时,武器魔法改为“魔法辉剑”※仅限能使用的武器类别",205,"出击时,武器魔法改为“魔法辉剑”※仅限能使用的武器类别",,7360600,出击时，武器魔法改为“魔法辉剑”※仅限能使用的武器类别,0,,0.0,,unknown,,0,1,,param
213,"出击时,武器魔法改为“黑夜魔砾”※仅限能使用的武器类别",206,"出击时,武器魔法改为“黑夜魔砾”※仅限能使用的武器类别",,7361200,出击时，武器魔法改为“黑夜魔砾”※仅限能使用的武器类别,0,,0.0,,unknown,,0,1,,param
214,"出击时的武器,附加圣属性攻击力",207,"出击时的武器,附加圣属性攻击力",,7120300,出击时的武器，附加圣属性攻击力,0,根据武器品质降低物理攻击力18/24/30/36， 并增加圣属性攻击力19.8/26.4/33/39.6,0.0,相同词条不可叠加,none,,0,1,normal,excel
215,"出击时的武器,附加异常状态中毒",208,"出击时的武器,附加异常状态中毒",,7120500,出击时的武器，附加异常状态中毒,0,附带35点基础中毒值，武器造成的伤害-15% 中毒：40秒内，每秒扣除敌人最大生命值的0.1%+10,15.0,相同词条不可叠加,none,,0,1,normal,excel
216,"出击时的武器,附加异常状态冻伤",209,"出击时的武器,附加异常状态冻伤",,7120400,出击时的武器，附加异常状态冻伤,0,附带35点基础冻伤值，武器造成的伤害-15% 冻伤：扣除敌人最大生命值的10%+50， 30秒内，玩家造成的伤害+15%,15.0,相同词条不可叠加,none,,0,1,normal,excel
217,"出击时的武器,附加异常状态出血",210,"出击时的武器,附加异常状态出血",,7120600,出击时的武器，附加异常状态出血,0,附带25点基础出血值，武器造成的伤害-15% 出血：扣除敌人最大生命值的12.5%+100,15.0,相同词条不可叠加,none,,0,1,normal,excel
218,"出击时的武器,附加火属性攻击力",211,"出击时的武器,附加火属性攻击力",,7120100,出击时的武器，附加火属性攻击力,0,根据武器品质降低物理攻击力18/24/30/36， 并增加火属性攻击力19.8/26.4/33/39.6,0.0,相同词条不可叠加,none,,0,1,normal,excel
219,"出击时的武器,附加雷属性攻击力",212,"出击时的武器,附加雷属性攻击力",,7120200,出击时的武器，附加雷属性攻击力,0,根据武器品质降低物理攻击力18/24/30/36， 并增加雷属性攻击力19.8/26.4/33/39.6,0.0,相同词条不可叠加,none,,0,1,normal,excel
220,"出击时的武器,附加魔力属性攻击力",213,"出击时的武器,附加魔力属性攻击力",,7120000,出击时的武器，附加魔力属性攻击力,0,根据武器品质降低物理攻击力18/24/30/36， 并增加魔力属性攻击力19.8/26.4/33/39.6,0.0,相同词条不可叠加,none,,0,1,normal,excel
221,"出现异常状态量表时,能缓慢提升攻击力",214,"出现异常状态量表时,能缓慢提升攻击力",,7037700,出现异常状态量表时，能缓慢提升攻击力,0,,0.0,,unknown,,0,1,,param
222,"切换武器时,能提升物理攻击力",215,"切换武器时,能提升物理攻击力",,10002,切换武器时，能提升物理攻击力,0,,0.0,,unknown,,0,1,,param
222,"切换武器时,能提升物理攻击力",215,"切换武器时,能提升物理攻击力",,7035900,切换武器时，能提升物理攻击力,0,10秒内，物理攻击力+10%,10.0,相同词条不可叠加,none,,0,1,normal,excel
223,"切换武器时,能附加随机的属性攻击力",216,"切换武器时,能附加随机的属性攻击力",,7035700,切换武器时，能附加随机的属性攻击力,0,10秒内，增加随机属性的攻击力+20,0.0,相同词条不可叠加,none,,0,1,normal,excel
224,力气+1,217,力气,,7000300,力气＋１,1,+1点力气,1.0,相同词条可叠加,all,,0,1,normal,excel
225,力气+2,217,力气,,7000301,力气＋２,2,+2点力气,2.0,相同词条可叠加,all,,0,1,normal,excel
226,力气+3,217,力气,,7000302,力气＋３,3,+3点力气,3.0,相同词条可叠加,all,,0,1,normal,excel
227,加快累积绝招量表+1,218,加快累积绝招量表,,7000900,加快累积绝招量表＋１,1,绝招量表累积速率+5%,5.0,相同词条可叠加,all,,0,1,normal,excel
228,加快累积绝招量表+2,218,加快累积绝招量表,,7000901,加快累积绝招量表＋２,2,绝招量表累积速率+7.5%,7.5,相同词条可叠加,all,,0,1,normal,excel
229,加快累积绝招量表+3,218,加快累积绝招量表,,7000902,加快累积绝招量表＋３,3,绝招量表累积速率+10%,10.0,相同词条可叠加,all,,0,1,normal,excel
230,"受到损伤并被弹飞时,能提升强韧度与减伤率",219,"受到损伤并被弹飞时,能提升强韧度与减伤率",,7240000,受到损伤并被弹飞时，能提升强韧度与减伤率,0,玩家被击飞时，20秒内，受到的伤害-20%，受到的韧性伤害-20%,20.0,相同词条不可叠加,none,,0,1,normal,excel
231,"受到损伤时,会累积中毒量表",220,"受到损伤时,会累积中毒量表",,6820000,受到损伤时，会累积中毒量表,0,受到伤害时，累积65点中毒值,0.0,相同词条可叠加,all,随机加入正面词条,1,1,deep,excel
232,"受到损伤时,会累积催眠量表",221,"受到损伤时,会累积催眠量表",,6820500,受到损伤时，会累积催眠量表,0,受到伤害时，累积50点睡眠值,0.0,相同词条可叠加,all,随机加入正面词条,1,1,deep,excel
233,"受到损伤时,会累积冻伤量表",222,"受到损伤时,会累积冻伤量表",,6820200,受到损伤时，会累积冻伤量表,0,受到伤害时，累积55点冻伤值,0.0,相同词条可叠加,all,随机加入正面词条,1,1,deep,excel
234,"受到损伤时,会累积出血量表",223,"受到损伤时,会累积出血量表",,6820300,受到损伤时，会累积出血量表,0,受到伤害时，累积55点出血值,0.0,相同词条可叠加,all,随机加入正面词条,1,1,deep,excel
235,"受到损伤时,会累积发狂量表",224,"受到损伤时,会累积发狂量表",,6820400,受到损伤时，会累积发狂量表,0,受到伤害时，累积50点发狂值,0.0,相同词条可叠加,all,随机加入正面词条,1,1,deep,excel
236,"受到损伤时,会累积死亡量表",225,"受到损伤时,会累积死亡量表",,6820600,受到损伤时，会累积死亡量表,0,受到伤害时，累积40点骤死值,0.0,相同词条可叠加,all,随机加入正面词条,1,1,deep,excel
237,"受到损伤时,会累积猩红腐败量表",226,"受到损伤时,会累积猩红腐败量表",,6820100,受到损伤时，会累积猩红腐败量表,0,受到伤害时，累积55点腐败值,0.0,相同词条可叠加,all,随机加入正面词条,1,1,deep,excel
238,"受到损伤时,恢复专注值",227,"受到损伤时,恢复专注值",,8620000,受到损伤时，恢复专注值,0,,0.0,,unknown,,0,1,,param
238,"受到损伤时,恢复专注值",227,"受到损伤时,恢复专注值",,8620010,受到损伤时，恢复专注值,0,,0.0,,unknown,,0,0,,param
238,"受到损伤时,恢复专注值",227,"受到损伤时,恢复专注值",,8620020,受到损伤时，恢复专注值,0,,0.0,,unknown,,0,0,,param
239,"受到损伤时,提升减伤率",228,"受到损伤时,提升减伤率",,8620100,受到损伤时，提升减伤率,0,,0.0,,unknown,,0,1,,param
239,"受到损伤时,提升减伤率",228,"受到损伤时,提升减伤率",,8620110,受到损伤时，提升减伤率,0,,0.0,,unknown,,0,0,,param
239,"受到损伤时,提升减伤率",228,"受到损伤时,提升减伤率",,8620120,受到损伤时，提升减伤率,0,,0.0,,unknown,,0,0,,param
240,"受到损伤时,附加异常状态腐败",229,"受到损伤时,附加异常状态腐败",,7170100,受到损伤时，附加异常状态腐败,0,,0.0,,unknown,,0,1,,param
241,"受到损伤的当下,能通过攻击恢复部分血量",230,"受到损伤的当下,能通过攻击恢复部分血量",,7005600,受到损伤的当下，能通过攻击恢复部分血量,0,最近一次被攻击的4s内，可通过攻击恢复这部分粉（虚）血 每次攻击的恢复量=武器基础回血量×动作回血倍率,0.0,不同级别可叠加 相同级别不可叠加,by_level,,0,1,normal,excel
242,"受到损伤的当下,能通过攻击恢复部分血量+1",230,"受到损伤的当下,能通过攻击恢复部分血量",,6005600,受到损伤的当下，能通过攻击恢复部分血量＋１,1,最近一次被攻击的4s内，可通过攻击恢复这部分粉（虚）血 每次攻击的恢复量=武器基础回血量×动作回血倍率×1.25,0.0,不同级别可叠加 相同级别不可叠加,by_level,附带负面词条,0,1,deep,excel
243,"受到损伤的当下,能通过攻击恢复部分血量+2",230,"受到损伤的当下,能通过攻击恢复部分血量",,6005601,受到损伤的当下，能通过攻击恢复部分血量＋２,2,最近一次被攻击的4s内，可通过攻击恢复这部分粉（虚）血 每次攻击的恢复量=武器基础回血量×动作回血倍率×1.35,0.0,不同级别可叠加 相同级别不可叠加,by_level,附带负面词条,0,1,deep,excel
244,"受到攻击时,能提升攻击力",231,"受到攻击时,能提升攻击力",,10001,受到攻击时，能提升攻击力,0,,0.0,,unknown,,0,1,,param
244,"受到攻击时,能提升攻击力",231,"受到攻击时,能提升攻击力",,100000,受到攻击时，能提升攻击力,0,,0.0,,unknown,,0,1,,param
244,"受到攻击时,能提升攻击力",231,"受到攻击时,能提升攻击力",,7032200,受到攻击时，能提升攻击力,0,10秒内，造成的伤害+15%,15.0,相同词条不可叠加,none,,0,1,normal,excel
245,"周围人物陷入中毒、腐败时,能提升攻击力(智的黑夜)",232,"周围人物陷入中毒、腐败时,能提升攻击力(智的黑夜)",,7260800,周围人物陷入中毒、腐败时，能提升攻击力 (智的黑夜),0,20秒内，玩家造成的伤害+12%,12.0,相同词条不可叠加,none,,0,1,normal,excel
246,"周围人物陷入异常状态冻伤时,能隐藏自己的身影",233,"周围人物陷入异常状态冻伤时,能隐藏自己的身影",,7260700,周围人物陷入异常状态冻伤时，能隐藏自己的身影,0,隐身时间为5秒,0.0,相同词条不可叠加,none,,0,1,normal,excel
247,"周围陷入催眠时,提升攻击力",234,"周围陷入催眠时,提升攻击力",,6600000,周围陷入催眠时，提升攻击力,0,周围有任意角色催眠后，造成伤害+12%，持续20秒,12.0,不同级别可叠加 相同级别不可叠加,by_level,不附带负面词条,0,1,deep,excel
248,"周围陷入催眠时,提升攻击力+1",234,"周围陷入催眠时,提升攻击力",,6600001,周围陷入催眠时，提升攻击力＋１,1,周围有任意角色催眠后，造成伤害+22%，持续20秒,22.0,不同级别可叠加 相同级别不可叠加,by_level,附带负面词条,0,1,deep,excel
249,"周围陷入发狂时,提升攻击力",235,"周围陷入发狂时,提升攻击力",,6600100,周围陷入发狂时，提升攻击力,0,周围有任意角色发狂后，造成伤害+12%，持续20秒,12.0,不同级别可叠加 相同级别不可叠加,by_level,不附带负面词条,0,1,deep,excel
250,"周围陷入发狂时,提升攻击力+1",235,"周围陷入发狂时,提升攻击力",,6600101,周围陷入发狂时，提升攻击力＋１,1,周围有任意角色发狂后，造成伤害+22%，持续20秒,22.0,不同级别可叠加 相同级别不可叠加,by_level,附带负面词条,0,1,deep,excel
251,"周围陷入腐败时,持续恢复血量",236,"周围陷入腐败时,持续恢复血量",,7260900,周围陷入腐败时，持续恢复血量,0,,0.0,,unknown,,0,1,,param
252,"咏唱魔法、祷告时,提升减伤率",237,"咏唱魔法、祷告时,提升减伤率",,8330900,咏唱魔法、祷告时，提升减伤率,0,,0.0,,unknown,,0,1,,param
252,"咏唱魔法、祷告时,提升减伤率",237,"咏唱魔法、祷告时,提升减伤率",,8330910,咏唱魔法、祷告时，提升减伤率,0,,0.0,,unknown,,0,0,,param
252,"咏唱魔法、祷告时,提升减伤率",237,"咏唱魔法、祷告时,提升减伤率",,8330920,咏唱魔法、祷告时，提升减伤率,0,,0.0,,unknown,,0,0,,param
253,"在出击期间,减少于商店购物时所需的卢恩",238,"在出击期间,减少于商店购物时所需的卢恩",,7230000,在出击期间，减少于商店购物时所需的卢恩,0,物品出售价格-10%,10.0,相同词条不可叠加,none,,0,1,normal,excel
254,"在出击期间,大幅减少于商店购物时所需的卢恩",239,"在出击期间,大幅减少于商店购物时所需的卢恩",,7230001,在出击期间，大幅减少于商店购物时所需的卢恩,0,物品出售价格-20%,20.0,相同词条不可叠加,none,,0,1,normal,excel
255,"在图腾碑石周围打倒敌人时,能恢复血量",240,"在图腾碑石周围打倒敌人时,能恢复血量",,7090300,在图腾碑石周围打倒敌人时，能恢复血量,0,20秒内，每击杀一个敌人回复最大生命值的20%， 不在图腾石碑周围也可触发回复，该buff会和图腾石碑增伤buff同时赋予 只要无赖玩家释放图腾石碑时，其他玩家在附近能吃到增伤buff就可以,20.0,相同词条不可叠加,none,,0,1,normal,excel
256,增加自己与我方人物获得的卢恩,241,增加自己与我方人物获得的卢恩,,7110000,增加自己与我方人物获得的卢恩,0,获得的卢恩+3.5%，仅对击杀奖励有效，全队有效,3.5,相同词条可叠加,all,,0,1,normal,excel
257,"对陷入中毒的敌人,能强化攻击",242,"对陷入中毒的敌人,能强化攻击",,7260000,对陷入中毒的敌人，能强化攻击,0,对中毒的敌人造成的伤害+10%,10.0,不同级别可叠加 相同级别不可叠加,by_level,,0,1,normal,excel
258,"对陷入中毒的敌人,能强化攻击+1",242,"对陷入中毒的敌人,能强化攻击",,6260000,对陷入中毒的敌人，能强化攻击＋１,1,对中毒的敌人造成的伤害+16%,16.0,不同级别可叠加 相同级别不可叠加,by_level,附带负面词条,0,1,deep,excel
259,"对陷入中毒的敌人,能强化攻击+2",242,"对陷入中毒的敌人,能强化攻击",,6260001,对陷入中毒的敌人，能强化攻击＋２,2,对中毒的敌人造成的伤害+20%,20.0,不同级别可叠加 相同级别不可叠加,by_level,附带负面词条,0,1,deep,excel
260,"对陷入冻伤的敌人,能强化攻击",243,"对陷入冻伤的敌人,能强化攻击",,7260400,对陷入冻伤的敌人，能强化攻击,0,对冻伤的敌人造成的伤害+10%,10.0,不同级别可叠加 相同级别不可叠加,by_level,,0,1,normal,excel
261,"对陷入冻伤的敌人,能强化攻击+1",243,"对陷入冻伤的敌人,能强化攻击",,6260400,对陷入冻伤的敌人，能强化攻击＋１,1,对冻伤的敌人造成的伤害+16%,16.0,不同级别可叠加 相同级别不可叠加,by_level,附带负面词条,0,1,deep,excel
262,"对陷入冻伤的敌人,能强化攻击+2",243,"对陷入冻伤的敌人,能强化攻击",,6260401,对陷入冻伤的敌人，能强化攻击＋２,2,对冻伤的敌人造成的伤害+20%,20.0,不同级别可叠加 相同级别不可叠加,by_level,附带负面词条,0,1,deep,excel
263,"对陷入猩红腐败的敌人,能强化攻击",244,"对陷入猩红腐败的敌人,能强化攻击",,7260300,对陷入猩红腐败的敌人，能强化攻击,0,对猩红腐败的敌人造成的伤害+10%,10.0,不同级别可叠加 相同级别不可叠加,by_level,,0,1,normal,excel
264,"对陷入猩红腐败的敌人,能强化攻击+1",244,"对陷入猩红腐败的敌人,能强化攻击",,6260300,对陷入猩红腐败的敌人，能强化攻击＋１,1,对猩红腐败的敌人造成的伤害+16%,16.0,不同级别可叠加 相同级别不可叠加,by_level,附带负面词条,0,1,deep,excel
265,"对陷入猩红腐败的敌人,能强化攻击+2",244,"对陷入猩红腐败的敌人,能强化攻击",,6260301,对陷入猩红腐败的敌人，能强化攻击＋２,2,对猩红腐败的敌人造成的伤害+20%,20.0,不同级别可叠加 相同级别不可叠加,by_level,附带负面词条,0,1,deep,excel
266,延长魔法、祷告的有效时间,245,延长魔法、祷告的有效时间,,7006400,延长魔法、祷告的有效时间,0,,0.0,,unknown,,0,1,,param
267,"引发异常状态发狂后,能持续恢复专注值",246,"引发异常状态发狂后,能持续恢复专注值",,7035500,引发异常状态发狂后，能持续恢复专注值,0,引发发狂异常后，25秒内，每0.5秒回复1点专注值,0.0,相同词条可叠加,all,,0,1,normal,excel
267,"引发异常状态发狂后,能持续恢复专注值",246,"引发异常状态发狂后,能持续恢复专注值",,7035510,引发异常状态发狂后，能持续恢复专注值,0,,0.0,,unknown,,0,1,,param
268,强化冲刺攻击,247,强化冲刺攻击,,8320600,强化冲刺攻击,0,,0.0,,unknown,,0,1,,param
268,强化冲刺攻击,247,强化冲刺攻击,,8320610,强化冲刺攻击,0,,0.0,,unknown,,0,0,,param
268,强化冲刺攻击,247,强化冲刺攻击,,8320620,强化冲刺攻击,0,,0.0,,unknown,,0,0,,param
269,强化卡利亚剑的魔法,248,强化卡利亚剑的魔法,,7043300,强化卡利亚剑的魔法,0,卡利亚剑的魔法造成的伤害+12%,12.0,相同词条可叠加,all,,0,1,normal,excel
270,强化咆哮与吐息,249,强化咆哮与吐息,,7043000,强化咆哮与吐息,0,咆哮与吐息造成的伤害+15%,15.0,相同词条可叠加,all,,0,1,normal,excel
271,强化射击,250,强化射击,,8340000,强化射击,0,,0.0,,unknown,,0,1,,param
271,强化射击,250,强化射击,,8340001,强化射击,0,,0.0,,unknown,,0,0,,param
271,强化射击,250,强化射击,,8340002,强化射击,0,,0.0,,unknown,,0,0,,param
272,强化巨人火焰的祷告,251,强化巨人火焰的祷告,,7044200,强化巨人火焰的祷告,0,巨人火焰的祷告造成的伤害+12%,12.0,相同词条可叠加,all,,0,1,normal,excel
273,强化挖石的魔法,252,强化挖石的魔法,,7043200,强化挖石的魔法,0,挖石的魔法造成的伤害+12%,12.0,相同词条可叠加,all,,0,1,normal,excel
274,强化狩猎神祇的祷告,253,强化狩猎神祇的祷告,,7044300,强化狩猎神祇的祷告,0,狩猎神祇的祷告造成的伤害+12%,12.0,相同词条可叠加,all,,0,1,normal,excel
275,强化王城古龙信仰的祷告,254,强化王城古龙信仰的祷告,,7044100,强化王城古龙信仰的祷告,0,王城古龙信仰的祷告造成的伤害+12%,12.0,相同词条可叠加,all,,0,1,normal,excel
276,强化癫火的祷告,255,强化癫火的祷告,,7044500,强化癫火的祷告,0,癫火的祷告造成的伤害+12%,12.0,相同词条可叠加,all,,0,1,normal,excel
277,强化祷告,256,强化祷告,,6611300,强化祷告,0,祷告造成的伤害+5%,5.0,相同词条可叠加,all,不附带负面词条,0,1,deep,excel
277,强化祷告,256,强化祷告,,8330100,强化祷告,0,,0.0,,unknown,,0,1,,param
277,强化祷告,256,强化祷告,,8330101,强化祷告,0,,0.0,,unknown,,0,0,,param
277,强化祷告,256,强化祷告,,8330102,强化祷告,0,,0.0,,unknown,,0,0,,param
278,强化祷告+1,256,强化祷告,,6611301,强化祷告＋１,1,祷告造成的伤害+8.5%,8.5,相同词条可叠加,all,附带负面词条,0,1,deep,excel
279,强化祷告+2,256,强化祷告,,6611302,强化祷告＋２,2,祷告造成的伤害+10%,10.0,相同词条可叠加,all,附带负面词条,0,1,deep,excel
280,强化祷告的蓄力执行,257,强化祷告的蓄力执行,,8330300,强化祷告的蓄力执行,0,,0.0,,unknown,,0,1,,param
280,强化祷告的蓄力执行,257,强化祷告的蓄力执行,,8330301,强化祷告的蓄力执行,0,,0.0,,unknown,,0,0,,param
280,强化祷告的蓄力执行,257,强化祷告的蓄力执行,,8330302,强化祷告的蓄力执行,0,,0.0,,unknown,,0,0,,param
281,强化结晶人的魔法,258,强化结晶人的魔法,,7043600,强化结晶人的魔法,0,结晶人的魔法造成的伤害+12%,12.0,相同词条可叠加,all,,0,1,normal,excel
282,强化翻滚攻击,259,强化翻滚攻击,,8320700,强化翻滚攻击,0,,0.0,,unknown,,0,1,,param
282,强化翻滚攻击,259,强化翻滚攻击,,8320710,强化翻滚攻击,0,,0.0,,unknown,,0,0,,param
282,强化翻滚攻击,259,强化翻滚攻击,,8320720,强化翻滚攻击,0,,0.0,,unknown,,0,0,,param
283,强化致命一击,260,强化致命一击,,7040200,强化致命一击,0,致命一击造成的伤害+15%,15.0,相同词条可叠加,all,,0,1,normal,excel
283,强化致命一击,260,强化致命一击,,8130000,强化致命一击,0,,0.0,,unknown,,0,1,,param
283,强化致命一击,260,强化致命一击,,8130001,强化致命一击,0,,0.0,,unknown,,0,0,,param
283,强化致命一击,260,强化致命一击,,8130002,强化致命一击,0,,0.0,,unknown,,0,0,,param
284,强化致命一击+1(爵的黑夜/爵的暗夜),261,强化致命一击+1(爵的黑夜/爵的暗夜),,7040201,强化致命一击＋１ (爵的黑夜/爵的暗夜),0,致命一击造成的伤害+20%,20.0,不同级别可叠加 相同级别不可叠加,by_level,,0,1,normal,excel
285,强化荆棘的魔法,262,强化荆棘的魔法,,7043800,强化荆棘的魔法,0,荆棘的魔法造成的伤害+12%,12.0,相同词条可叠加,all,,0,1,normal,excel
286,强化蓄力攻击,263,强化蓄力攻击,,8320100,强化蓄力攻击,0,,0.0,,unknown,,0,1,,param
286,强化蓄力攻击,263,强化蓄力攻击,,8320101,强化蓄力攻击,0,,0.0,,unknown,,0,0,,param
286,强化蓄力攻击,263,强化蓄力攻击,,8320102,强化蓄力攻击,0,,0.0,,unknown,,0,0,,param
287,强化调香术,264,强化调香术,,7043100,强化调香术,0,调香术造成的伤害+15%,15.0,相同词条可叠加,all,,0,1,normal,excel
288,强化调香术+1,264,强化调香术,,6043100,强化调香术＋１,1,调香术造成的伤害+30%,30.0,相同词条可叠加,all,不附带负面词条,0,1,deep,excel
289,强化调香术+2,264,强化调香术,,6043101,强化调香术＋２,2,未实装?,0.0,,unknown,,0,0,deep,excel
290,强化跳跃攻击,265,强化跳跃攻击,,8320300,强化跳跃攻击,0,,0.0,,unknown,,0,1,,param
290,强化跳跃攻击,265,强化跳跃攻击,,8320301,强化跳跃攻击,0,,0.0,,unknown,,0,0,,param
290,强化跳跃攻击,265,强化跳跃攻击,,8320302,强化跳跃攻击,0,,0.0,,unknown,,0,0,,param
291,强化轻攻击的第一记攻击,266,强化轻攻击的第一记攻击,,7040000,强化轻攻击的第一记攻击,0,轻击第一下造成的伤害+13%,13.0,相同词条可叠加,all,,0,1,normal,excel
292,强化辉剑的魔法,267,强化辉剑的魔法,,7043400,强化辉剑的魔法,0,辉剑的魔法造成的伤害+12%,12.0,相同词条可叠加,all,,0,1,normal,excel
293,强化连续攻击的最后攻击,268,强化连续攻击的最后攻击,,8320000,强化连续攻击的最后攻击,0,,0.0,,unknown,,0,1,,param
293,强化连续攻击的最后攻击,268,强化连续攻击的最后攻击,,8320001,强化连续攻击的最后攻击,0,,0.0,,unknown,,0,0,,param
293,强化连续攻击的最后攻击,268,强化连续攻击的最后攻击,,8320002,强化连续攻击的最后攻击,0,,0.0,,unknown,,0,0,,param
294,强化重力的魔法,269,强化重力的魔法,,7043700,强化重力的魔法,0,重力的魔法造成的伤害+12%,12.0,相同词条可叠加,all,,0,1,normal,excel
295,强化野兽的祷告,270,强化野兽的祷告,,7044400,强化野兽的祷告,0,野兽的祷告造成的伤害+12%,12.0,相同词条可叠加,all,,0,1,normal,excel
296,强化防御反击,271,强化防御反击,,7040100,强化防御反击,0,防御反击造成的伤害+15%,15.0,相同词条可叠加,all,,0,1,normal,excel
296,强化防御反击,271,强化防御反击,,8420000,强化防御反击,0,,0.0,,unknown,,0,1,,param
296,强化防御反击,271,强化防御反击,,8420001,强化防御反击,0,,0.0,,unknown,,0,0,,param
296,强化防御反击,271,强化防御反击,,8420002,强化防御反击,0,,0.0,,unknown,,0,0,,param
297,强化防御反击+1,271,强化防御反击,,6040100,强化防御反击＋１,1,防御反击造成的伤害+22%,22.0,相同词条可叠加,all,附带负面词条,0,1,deep,excel
298,强化防御反击+2,271,强化防御反击,,6040101,强化防御反击＋２,2,防御反击造成的伤害+26%,26.0,相同词条可叠加,all,附带负面词条,0,1,deep,excel
299,强化隐形的魔法,272,强化隐形的魔法,,7043500,强化隐形的魔法,0,隐形的魔法造成的伤害+12%,12.0,相同词条可叠加,all,,0,1,normal,excel
300,强化魔法,273,强化魔法,,6611200,强化魔法,0,魔法造成的伤害+5% (只要用魔法杖打出的都算）,5.0,相同词条可叠加,all,不附带负面词条,0,1,deep,excel
300,强化魔法,273,强化魔法,,8330000,强化魔法,0,,0.0,,unknown,,0,1,,param
300,强化魔法,273,强化魔法,,8330001,强化魔法,0,,0.0,,unknown,,0,0,,param
300,强化魔法,273,强化魔法,,8330002,强化魔法,0,,0.0,,unknown,,0,0,,param
301,强化魔法+1,273,强化魔法,,6611201,强化魔法＋１,1,魔法造成的伤害+8.5% (只要用魔法杖打出的都算）,8.5,相同词条可叠加,all,附带负面词条,0,1,deep,excel
302,强化魔法+2,273,强化魔法,,6611202,强化魔法＋２,2,魔法造成的伤害+10% (只要用魔法杖打出的都算）,10.0,相同词条可叠加,all,附带负面词条,0,1,deep,excel
303,强化魔法的蓄力施展,274,强化魔法的蓄力施展,,8330200,强化魔法的蓄力施展,0,,0.0,,unknown,,0,1,,param
303,强化魔法的蓄力施展,274,强化魔法的蓄力施展,,8330201,强化魔法的蓄力施展,0,,0.0,,unknown,,0,0,,param
303,强化魔法的蓄力施展,274,强化魔法的蓄力施展,,8330202,强化魔法的蓄力施展,0,,0.0,,unknown,,0,0,,param
304,强化黄金律法基本主义的祷告,275,强化黄金律法基本主义的祷告,,7044000,强化黄金律法基本主义的祷告,0,黄金律法基本主义的祷告造成的伤害+12%,12.0,相同词条可叠加,all,,0,1,normal,excel
305,强化龙飨的祷告,276,强化龙飨的祷告,,7044600,强化龙飨的祷告,0,龙飨的祷告造成的伤害+12%,12.0,相同词条可叠加,all,,0,1,normal,excel
306,强韧度+1,277,强韧度,,7001000,强韧度＋１,1,受到的韧性伤害-5%,5.0,相同词条可叠加,all,,0,1,normal,excel
307,强韧度+2,277,强韧度,,7001001,强韧度＋２,2,受到的韧性伤害-10%,10.0,相同词条可叠加,all,,0,1,normal,excel
308,强韧度+3,277,强韧度,,7001002,强韧度＋３,3,受到的韧性伤害-15%,15.0,,unknown,,0,1,normal,excel
309,"急速冲刺时,喷出熔岩",278,"急速冲刺时,喷出熔岩",,8450000,急速冲刺时，喷出熔岩,0,,0.0,,unknown,,0,1,,param
310,感应+1,279,感应,,7000700,感应＋１,1,+1点感应,1.0,相同词条可叠加,all,,0,1,normal,excel
311,感应+2,279,感应,,7000701,感应＋２,2,+2点感应,2.0,相同词条可叠加,all,,0,1,normal,excel
312,感应+3,279,感应,,7000702,感应＋３,3,+3点感应,3.0,相同词条可叠加,all,,0,1,normal,excel
313,"慢步移动时,召唤红落雷",280,"慢步移动时,召唤红落雷",,8460500,慢步移动时，召唤红落雷,0,,0.0,,unknown,,0,1,,param
314,"慢步移动时,燃起接连形成的火焰柱",281,"慢步移动时,燃起接连形成的火焰柱",,8460100,慢步移动时，燃起接连形成的火焰柱,0,,0.0,,unknown,,0,1,,param
315,"慢步移动时,释放咒魂",282,"慢步移动时,释放咒魂",,8460300,慢步移动时，释放咒魂,0,,0.0,,unknown,,0,1,,param
316,"打倒多名敌人时,召唤怨魂",283,"打倒多名敌人时,召唤怨魂",,8630400,打倒多名敌人时，召唤怨魂,0,,0.0,,unknown,,0,1,,param
317,"打倒多名敌人时,形成寒气冻雾",284,"打倒多名敌人时,形成寒气冻雾",,8630600,打倒多名敌人时，形成寒气冻雾,0,,0.0,,unknown,,0,1,,param
318,"打倒多名敌人时,形成熔岩",285,"打倒多名敌人时,形成熔岩",,8630500,打倒多名敌人时，形成熔岩,0,,0.0,,unknown,,0,1,,param
319,"打倒多名敌人时,形成魅惑烟雾",286,"打倒多名敌人时,形成魅惑烟雾",,8630300,打倒多名敌人时，形成魅惑烟雾,0,,0.0,,unknown,,0,1,,param
320,"打倒多名敌人时,形成黄金冲击波",287,"打倒多名敌人时,形成黄金冲击波",,8630800,打倒多名敌人时，形成黄金冲击波,0,,0.0,,unknown,,0,1,,param
321,"打倒多名敌人时,释放咒魂",288,"打倒多名敌人时,释放咒魂",,8630200,打倒多名敌人时，释放咒魂,0,,0.0,,unknown,,0,1,,param
322,"打倒多名敌人时,降下落雷",289,"打倒多名敌人时,降下落雷",,8630700,打倒多名敌人时，降下落雷,0,,0.0,,unknown,,0,1,,param
323,"打倒敌人时,恢复专注值",290,"打倒敌人时,恢复专注值",,8630100,打倒敌人时，恢复专注值,0,,0.0,,unknown,,0,1,,param
324,"打倒敌人时,恢复血量",291,"打倒敌人时,恢复血量",,8630000,打倒敌人时，恢复血量,0,,0.0,,unknown,,0,1,,param
325,"打倒敌人时,除了自己恢复周围我方人物的血量",292,"打倒敌人时,除了自己恢复周围我方人物的血量",,7090100,打倒敌人时，除了自己恢复周围我方人物的血量,0,固定回复20点生命值，有0.5秒内置冷却时间,0.0,叠加性未知，有待进一步研究,unknown,,0,1,normal,excel
326,持续减少血量,293,持续减少血量,,6850500,持续减少血量,0,每秒减少2点生命值,0.0,相同词条可叠加,all,随机加入正面词条,1,1,deep,excel
327,持续恢复专注值,294,持续恢复专注值,,7006500,持续恢复专注值,0,,0.0,,unknown,,0,1,,param
328,持续恢复血量,295,持续恢复血量,,7001100,持续恢复血量,0,每秒恢复2点生命值,0.0,相同词条可叠加,all,,0,1,normal,excel
328,持续恢复血量,295,持续恢复血量,,8540000,持续恢复血量,0,,0.0,,unknown,,0,1,,param
329,提升专注值上限,296,提升专注值上限,,6610500,提升专注值上限,0,专注值上限+15%,15.0,相同词条可叠加,all,附带负面词条,0,1,deep,excel
329,提升专注值上限,296,提升专注值上限,,7000190,提升专注值上限,0,+5点集中力（固定+25点专注值上限）,5.0,相同词条不可叠加,none,,0,1,normal,excel
330,提升使用辉石、重力石道具的攻击力,297,提升使用辉石、重力石道具的攻击力,,7040500,提升使用辉石、重力石道具的攻击力,0,投掷辉石、重力石造成的伤害+15%,15.0,相同词条可叠加,all,,0,1,normal,excel
331,提升使用辉石、重力石道具的攻击力+1,297,提升使用辉石、重力石道具的攻击力,,6040500,提升使用辉石、重力石道具的攻击力＋１,1,投掷辉石、重力石造成的伤害+30%,30.0,相同词条可叠加,all,不附带负面词条,0,1,deep,excel
332,提升使用辉石、重力石道具的攻击力+2,297,提升使用辉石、重力石道具的攻击力,,6040501,提升使用辉石、重力石道具的攻击力＋２,2,未实装?,0.0,,unknown,,0,0,deep,excel
333,提升刀的攻击力,298,提升刀的攻击力,,7330600,提升刀的攻击力,0,造成的伤害+6.5%,6.5,相同词条可叠加,all,,0,1,normal,excel
334,提升刺剑的攻击力,299,提升刺剑的攻击力,,7330800,提升刺剑的攻击力,0,造成的伤害+6.5%,6.5,相同词条可叠加,all,,0,1,normal,excel
335,提升双头剑的攻击力,300,提升双头剑的攻击力,,7330700,提升双头剑的攻击力,0,造成的伤害+6.5%,6.5,相同词条可叠加,all,,0,1,normal,excel
336,"提升双手共持时,造成失去平衡的能力",301,"提升双手共持时,造成失去平衡的能力",,7006000,提升双手共持时，造成失去平衡的能力,0,双手共持时，造成的削韧+5%,5.0,相同词条可叠加,all,,0,1,normal,excel
336,"提升双手共持时,造成失去平衡的能力",301,"提升双手共持时,造成失去平衡的能力",,7006001,提升双手共持时，造成失去平衡的能力,0,,0.0,,unknown,,0,1,,param
337,提升双手共持时的攻击力,302,提升双手共持时的攻击力,,8300000,提升双手共持时的攻击力,0,,0.0,,unknown,,0,1,,param
337,提升双手共持时的攻击力,302,提升双手共持时的攻击力,,8300001,提升双手共持时的攻击力,0,,0.0,,unknown,,0,0,,param
337,提升双手共持时的攻击力,302,提升双手共持时的攻击力,,8300002,提升双手共持时的攻击力,0,,0.0,,unknown,,0,0,,param
338,"提升双手各持时,造成失去平衡的能力",303,"提升双手各持时,造成失去平衡的能力",,7006100,提升双手各持时，造成失去平衡的能力,0,双手各持时，造成的削韧+5%,5.0,相同词条可叠加,all,,0,1,normal,excel
338,"提升双手各持时,造成失去平衡的能力",303,"提升双手各持时,造成失去平衡的能力",,7006101,提升双手各持时，造成失去平衡的能力,0,,0.0,,unknown,,0,1,,param
339,提升双手各持时的攻击力,304,提升双手各持时的攻击力,,8310000,提升双手各持时的攻击力,0,,0.0,,unknown,,0,1,,param
339,提升双手各持时的攻击力,304,提升双手各持时的攻击力,,8310001,提升双手各持时的攻击力,0,,0.0,,unknown,,0,0,,param
339,提升双手各持时的攻击力,304,提升双手各持时的攻击力,,8310002,提升双手各持时的攻击力,0,,0.0,,unknown,,0,0,,param
340,提升圣属性减伤率,305,提升圣属性减伤率,,7002900,提升圣属性减伤率,0,受到的圣属性伤害-10%,10.0,相同词条可叠加,all,,0,1,normal,excel
340,提升圣属性减伤率,305,提升圣属性减伤率,,8200400,提升圣属性减伤率,0,,0.0,,unknown,,0,1,,param
340,提升圣属性减伤率,305,提升圣属性减伤率,,8200401,提升圣属性减伤率,0,,0.0,,unknown,,0,0,,param
340,提升圣属性减伤率,305,提升圣属性减伤率,,8200402,提升圣属性减伤率,0,,0.0,,unknown,,0,0,,param
341,提升圣属性减伤率+1,305,提升圣属性减伤率,,6002900,提升圣属性减伤率＋１,1,减少受到圣属性伤害-15%,15.0,相同词条可叠加,all,附带负面词条,0,1,deep,excel
342,提升圣属性减伤率+2,305,提升圣属性减伤率,,6002901,提升圣属性减伤率＋２,2,减少受到圣属性伤害-16%,16.0,相同词条可叠加,all,附带负面词条,0,1,deep,excel
343,提升圣属性攻击力,306,提升圣属性攻击力,,7001800,提升圣属性攻击力,0,圣属性攻击力+4.5%,4.5,相同词条可叠加,all,,0,1,normal,excel
343,提升圣属性攻击力,306,提升圣属性攻击力,,8100400,提升圣属性攻击力,0,,0.0,,unknown,,0,1,,param
343,提升圣属性攻击力,306,提升圣属性攻击力,,8100401,提升圣属性攻击力,0,,0.0,,unknown,,0,0,,param
343,提升圣属性攻击力,306,提升圣属性攻击力,,8100402,提升圣属性攻击力,0,,0.0,,unknown,,0,0,,param
344,提升圣属性攻击力+1,306,提升圣属性攻击力,,7001801,提升圣属性攻击力＋１,1,圣属性攻击力+5.5%,5.5,相同词条可叠加,all,,0,1,normal,excel
345,提升圣属性攻击力+2,306,提升圣属性攻击力,,7001802,提升圣属性攻击力＋２,2,圣属性攻击力+6.5%,6.5,相同词条可叠加,all,,0,1,normal,excel
346,提升圣属性攻击力+3,306,提升圣属性攻击力,,6001800,提升圣属性攻击力＋３,3,圣属性攻击力+10.5%,10.5,相同词条可叠加,all,附带负面词条,0,1,deep,excel
347,提升圣属性攻击力+4,306,提升圣属性攻击力,,6001801,提升圣属性攻击力＋４,4,圣属性攻击力+12%,12.0,相同词条可叠加,all,附带负面词条,0,1,deep,excel
348,提升圣杯瓶恢复量,307,提升圣杯瓶恢复量,,6611400,提升圣杯瓶恢复量,0,增加红露滴圣杯瓶10%恢复量,10.0,相同词条可叠加,all,不附带负面词条,0,1,deep,excel
349,提升大剑的攻击力,308,提升大剑的攻击力,,7330200,提升大剑的攻击力,0,造成的伤害+6.5%,6.5,相同词条可叠加,all,,0,1,normal,excel
350,提升大斧的攻击力,309,提升大斧的攻击力,,7331100,提升大斧的攻击力,0,造成的伤害+6.5%,6.5,相同词条可叠加,all,,0,1,normal,excel
351,提升大曲剑的攻击力,310,提升大曲剑的攻击力,,7330500,提升大曲剑的攻击力,0,造成的伤害+6.5%,6.5,相同词条可叠加,all,,0,1,normal,excel
352,提升大槌的攻击力,311,提升大槌的攻击力,,7331300,提升大槌的攻击力,0,造成的伤害+6.5%,6.5,相同词条可叠加,all,,0,1,normal,excel
353,提升大矛的攻击力,312,提升大矛的攻击力,,7331700,提升大矛的攻击力,0,造成的伤害+6.5%,6.5,相同词条可叠加,all,,0,1,normal,excel
354,提升对中毒的抵抗力,313,提升对中毒的抵抗力,,7003000,提升对中毒的抵抗力,0,+75点中毒异常耐受上限,75.0,相同词条可叠加,all,,0,1,normal,excel
354,提升对中毒的抵抗力,313,提升对中毒的抵抗力,,8210000,提升对中毒的抵抗力,0,,0.0,,unknown,,0,1,,param
354,提升对中毒的抵抗力,313,提升对中毒的抵抗力,,8210001,提升对中毒的抵抗力,0,,0.0,,unknown,,0,0,,param
354,提升对中毒的抵抗力,313,提升对中毒的抵抗力,,8210002,提升对中毒的抵抗力,0,,0.0,,unknown,,0,0,,param
355,提升对中毒的抵抗力+1,313,提升对中毒的抵抗力,,6003000,提升对中毒的抵抗力＋１,1,+110点中毒异常耐受上限,110.0,相同词条可叠加,all,不附带负面词条,0,1,deep,excel
356,提升对中毒的抵抗力+2,313,提升对中毒的抵抗力,,6003001,提升对中毒的抵抗力＋２,2,+130点中毒异常耐受上限,130.0,相同词条可叠加,all,附带负面词条,0,1,deep,excel
357,提升对催眠的抵抗力,314,提升对催眠的抵抗力,,7003200,提升对催眠的抵抗力,0,+75点催眠异常耐受上限,75.0,相同词条可叠加,all,,0,1,normal,excel
357,提升对催眠的抵抗力,314,提升对催眠的抵抗力,,8210200,提升对催眠的抵抗力,0,,0.0,,unknown,,0,1,,param
357,提升对催眠的抵抗力,314,提升对催眠的抵抗力,,8210201,提升对催眠的抵抗力,0,,0.0,,unknown,,0,0,,param
357,提升对催眠的抵抗力,314,提升对催眠的抵抗力,,8210202,提升对催眠的抵抗力,0,,0.0,,unknown,,0,0,,param
358,提升对催眠的抵抗力+1,314,提升对催眠的抵抗力,,6003200,提升对催眠的抵抗力＋１,1,+110点催眠异常耐受上限,110.0,相同词条可叠加,all,不附带负面词条,0,1,deep,excel
359,提升对催眠的抵抗力+2,314,提升对催眠的抵抗力,,6003201,提升对催眠的抵抗力＋２,2,+130点催眠异常耐受上限,130.0,相同词条可叠加,all,附带负面词条,0,1,deep,excel
360,提升对冻伤的抵抗力,315,提升对冻伤的抵抗力,,7003500,提升对冻伤的抵抗力,0,+75点冻伤异常耐受上限,75.0,相同词条可叠加,all,,0,1,normal,excel
360,提升对冻伤的抵抗力,315,提升对冻伤的抵抗力,,8210500,提升对冻伤的抵抗力,0,,0.0,,unknown,,0,1,,param
360,提升对冻伤的抵抗力,315,提升对冻伤的抵抗力,,8210501,提升对冻伤的抵抗力,0,,0.0,,unknown,,0,0,,param
360,提升对冻伤的抵抗力,315,提升对冻伤的抵抗力,,8210502,提升对冻伤的抵抗力,0,,0.0,,unknown,,0,0,,param
361,提升对冻伤的抵抗力+1,315,提升对冻伤的抵抗力,,6003500,提升对冻伤的抵抗力＋１,1,+110点冻伤异常耐受上限,110.0,相同词条可叠加,all,不附带负面词条,0,1,deep,excel
362,提升对冻伤的抵抗力+2,315,提升对冻伤的抵抗力,,6003501,提升对冻伤的抵抗力＋２,2,+130点冻伤异常耐受上限,130.0,相同词条可叠加,all,附带负面词条,0,1,deep,excel
363,提升对出血的抵抗力,316,提升对出血的抵抗力,,7003100,提升对出血的抵抗力,0,+75点出血异常耐受上限,75.0,相同词条可叠加,all,,0,1,normal,excel
363,提升对出血的抵抗力,316,提升对出血的抵抗力,,8210100,提升对出血的抵抗力,0,,0.0,,unknown,,0,1,,param
363,提升对出血的抵抗力,316,提升对出血的抵抗力,,8210101,提升对出血的抵抗力,0,,0.0,,unknown,,0,0,,param
363,提升对出血的抵抗力,316,提升对出血的抵抗力,,8210102,提升对出血的抵抗力,0,,0.0,,unknown,,0,0,,param
364,提升对出血的抵抗力+1,316,提升对出血的抵抗力,,6003100,提升对出血的抵抗力＋１,1,+110点出血异常耐受上限,110.0,相同词条可叠加,all,不附带负面词条,0,1,deep,excel
365,提升对出血的抵抗力+2,316,提升对出血的抵抗力,,6003101,提升对出血的抵抗力＋２,2,+130点出血异常耐受上限,130.0,相同词条可叠加,all,附带负面词条,0,1,deep,excel
366,提升对发狂的抵抗力,317,提升对发狂的抵抗力,,7003600,提升对发狂的抵抗力,0,+75点发狂异常耐受上限,75.0,相同词条可叠加,all,,0,1,normal,excel
366,提升对发狂的抵抗力,317,提升对发狂的抵抗力,,8210600,提升对发狂的抵抗力,0,,0.0,,unknown,,0,1,,param
366,提升对发狂的抵抗力,317,提升对发狂的抵抗力,,8210601,提升对发狂的抵抗力,0,,0.0,,unknown,,0,0,,param
366,提升对发狂的抵抗力,317,提升对发狂的抵抗力,,8210602,提升对发狂的抵抗力,0,,0.0,,unknown,,0,0,,param
367,提升对发狂的抵抗力+1,317,提升对发狂的抵抗力,,6003600,提升对发狂的抵抗力＋１,1,+110点发狂异常耐受上限,110.0,相同词条可叠加,all,不附带负面词条,0,1,deep,excel
368,提升对发狂的抵抗力+2,317,提升对发狂的抵抗力,,6003601,提升对发狂的抵抗力＋２,2,+130点发狂异常耐受上限,130.0,相同词条可叠加,all,附带负面词条,0,1,deep,excel
369,提升对死亡的抵抗力,318,提升对死亡的抵抗力,,7003300,提升对死亡的抵抗力,0,+75点死亡异常耐受上限,75.0,相同词条可叠加,all,,0,1,normal,excel
370,提升对猩红腐败的抵抗力,319,提升对猩红腐败的抵抗力,,7003400,提升对猩红腐败的抵抗力,0,+75点猩红腐败异常耐受上限,75.0,相同词条可叠加,all,,0,1,normal,excel
371,提升对腐败的抵抗力,320,提升对腐败的抵抗力,,8210400,提升对腐败的抵抗力,0,,0.0,,unknown,,0,1,,param
371,提升对腐败的抵抗力,320,提升对腐败的抵抗力,,8210401,提升对腐败的抵抗力,0,,0.0,,unknown,,0,0,,param
371,提升对腐败的抵抗力,320,提升对腐败的抵抗力,,8210402,提升对腐败的抵抗力,0,,0.0,,unknown,,0,0,,param
372,提升对腐败的抵抗力+1,320,提升对腐败的抵抗力,,6003400,提升对腐败的抵抗力＋１,1,+110点猩红腐败异常耐受上限,110.0,相同词条可叠加,all,不附带负面词条,0,1,deep,excel
373,提升对腐败的抵抗力+2,320,提升对腐败的抵抗力,,6003401,提升对腐败的抵抗力＋２,2,+130点猩红腐败异常耐受上限,130.0,相同词条可叠加,all,附带负面词条,0,1,deep,excel
374,提升对骤死的抵抗力,321,提升对骤死的抵抗力,,8210300,提升对骤死的抵抗力,0,,0.0,,unknown,,0,1,,param
374,提升对骤死的抵抗力,321,提升对骤死的抵抗力,,8210301,提升对骤死的抵抗力,0,,0.0,,unknown,,0,0,,param
374,提升对骤死的抵抗力,321,提升对骤死的抵抗力,,8210302,提升对骤死的抵抗力,0,,0.0,,unknown,,0,0,,param
375,提升对骤死的抵抗力+1,321,提升对骤死的抵抗力,,6003300,提升对骤死的抵抗力＋１,1,+110点死亡异常耐受上限,110.0,相同词条可叠加,all,不附带负面词条,0,1,deep,excel
376,提升对骤死的抵抗力+2,321,提升对骤死的抵抗力,,6003301,提升对骤死的抵抗力＋２,2,+130点死亡异常耐受上限,130.0,相同词条可叠加,all,附带负面词条,0,1,deep,excel
377,提升属性减伤率,322,提升属性减伤率,,6611100,提升属性减伤率,0,受到的魔力/火/雷/圣属性伤害-6%,6.0,相同词条可叠加,all,不附带负面词条,0,1,deep,excel
377,提升属性减伤率,322,提升属性减伤率,,7006300,提升属性减伤率,0,,0.0,,unknown,,0,1,,param
378,提升属性减伤率+1,322,提升属性减伤率,,6611101,提升属性减伤率＋１,1,受到的魔力/火/雷/圣属性伤害-10.5%,10.5,相同词条可叠加,all,附带负面词条,0,1,deep,excel
379,提升属性减伤率+2,322,提升属性减伤率,,6611102,提升属性减伤率＋２,2,受到的魔力/火/雷/圣属性伤害-12%,12.0,相同词条可叠加,all,附带负面词条,0,1,deep,excel
380,提升属性攻击力,323,提升属性攻击力,,6610800,提升属性攻击力,0,魔力/火/雷/圣属性伤害+5%,5.0,相同词条可叠加,all,不附带负面词条,0,1,deep,excel
381,提升属性攻击力+1,323,提升属性攻击力,,6610801,提升属性攻击力＋１,1,魔力/火/雷/圣属性伤害+8%,8.0,相同词条可叠加,all,附带负面词条,0,1,deep,excel
382,提升属性攻击力+2,323,提升属性攻击力,,6610802,提升属性攻击力＋２,2,魔力/火/雷/圣属性伤害+10%,10.0,相同词条可叠加,all,附带负面词条,0,1,deep,excel
383,提升弓的攻击力,324,提升弓的攻击力,,7332400,提升弓的攻击力,0,造成的伤害+6.5%,6.5,相同词条可叠加,all,,0,1,normal,excel
384,提升战技攻击力,325,提升战技攻击力,,7006700,提升战技攻击力,0,,0.0,人工修正：可叠加,all,,0,1,,param
384,提升战技攻击力,325,提升战技攻击力,,8350000,提升战技攻击力,0,,0.0,人工修正：可叠加,all,,0,1,,param
384,提升战技攻击力,325,提升战技攻击力,,8350001,提升战技攻击力,0,,0.0,人工修正：可叠加,all,,0,0,,param
384,提升战技攻击力,325,提升战技攻击力,,8350002,提升战技攻击力,0,,0.0,人工修正：可叠加,all,,0,0,,param
385,提升戟的攻击力,326,提升戟的攻击力,,7331800,提升戟的攻击力,0,造成的伤害+6.5%,6.5,相同词条可叠加,all,,0,1,normal,excel
386,"提升打倒敌人时,绝招量表的累积量",327,"提升打倒敌人时,绝招量表的累积量",,7090000,提升打倒敌人时，绝招量表的累积量表,0,绝招量表+5,0.0,不同级别可叠加 相同级别不可叠加,by_level,,0,1,normal,excel
387,"提升打倒敌人时,绝招量表的累积量+1",327,"提升打倒敌人时,绝招量表的累积量",,6090000,提升打倒敌人时，绝招量表的累积量＋１,1,绝招量表+6.5,0.0,不同级别可叠加 相同级别不可叠加,by_level,附带负面词条,0,1,deep,excel
388,提升投掷壶的攻击力,328,提升投掷壶的攻击力,,7040300,提升投掷壶的攻击力,0,投掷壶造成的伤害+15%,15.0,相同词条可叠加,all,,0,1,normal,excel
389,提升投掷壶的攻击力+1,328,提升投掷壶的攻击力,,6040300,提升投掷壶的攻击力＋１,1,投掷壶造成的伤害+30%,30.0,相同词条可叠加,all,不附带负面词条,0,1,deep,excel
390,提升投掷壶的攻击力+2,328,提升投掷壶的攻击力,,6040301,提升投掷壶的攻击力＋２,2,未实装?,0.0,,unknown,,0,0,deep,excel
391,提升投掷小刀的攻击力,329,提升投掷小刀的攻击力,,7040400,提升投掷小刀的攻击力,0,投掷小刀造成的伤害+15%,15.0,相同词条可叠加,all,,0,1,normal,excel
392,提升投掷小刀的攻击力+1,329,提升投掷小刀的攻击力,,6040400,提升投掷小刀的攻击力＋１,1,投掷小刀造成的伤害+30%,30.0,相同词条可叠加,all,不附带负面词条,0,1,deep,excel
393,提升投掷小刀的攻击力+2,329,提升投掷小刀的攻击力,,6040401,提升投掷小刀的攻击力＋２,2,未实装?,0.0,,unknown,,0,0,deep,excel
394,提升拳头的攻击力,330,提升拳头的攻击力,,7332000,提升拳头的攻击力,0,造成的伤害+6.5%,6.5,相同词条可叠加,all,,0,1,normal,excel
395,提升斧的攻击力,331,提升斧的攻击力,,7331000,提升斧的攻击力,0,造成的伤害+6.5%,6.5,相同词条可叠加,all,,0,1,normal,excel
396,提升曲剑的攻击力,332,提升曲剑的攻击力,,7330400,提升曲剑的攻击力,0,造成的伤害+6.5%,6.5,相同词条可叠加,all,,0,1,normal,excel
397,提升槌的攻击力,333,提升槌的攻击力,,7331200,提升槌的攻击力,0,造成的伤害+6.5%,6.5,相同词条可叠加,all,,0,1,normal,excel
398,提升火属性减伤率,334,提升火属性减伤率,,7002700,提升火属性减伤率,0,受到的火属性伤害-10%,10.0,相同词条可叠加,all,,0,1,normal,excel
398,提升火属性减伤率,334,提升火属性减伤率,,8200200,提升火属性减伤率,0,,0.0,,unknown,,0,1,,param
398,提升火属性减伤率,334,提升火属性减伤率,,8200201,提升火属性减伤率,0,,0.0,,unknown,,0,0,,param
398,提升火属性减伤率,334,提升火属性减伤率,,8200202,提升火属性减伤率,0,,0.0,,unknown,,0,0,,param
399,提升火属性减伤率+1,334,提升火属性减伤率,,6002700,提升火属性减伤率＋１,1,减少受到火属性伤害-15%,15.0,相同词条可叠加,all,附带负面词条,0,1,deep,excel
400,提升火属性减伤率+2,334,提升火属性减伤率,,6002701,提升火属性减伤率＋２,2,减少受到火属性伤害-16%,16.0,相同词条可叠加,all,附带负面词条,0,1,deep,excel
401,提升火属性攻击力,335,提升火属性攻击力,,7001600,提升火属性攻击力,0,火属性攻击力+4.5%,4.5,相同词条可叠加,all,,0,1,normal,excel
401,提升火属性攻击力,335,提升火属性攻击力,,8100200,提升火属性攻击力,0,,0.0,,unknown,,0,1,,param
401,提升火属性攻击力,335,提升火属性攻击力,,8100201,提升火属性攻击力,0,,0.0,,unknown,,0,0,,param
401,提升火属性攻击力,335,提升火属性攻击力,,8100202,提升火属性攻击力,0,,0.0,,unknown,,0,0,,param
402,提升火属性攻击力+1,335,提升火属性攻击力,,7001601,提升火属性攻击力＋１,1,火属性攻击力+5.5%,5.5,相同词条可叠加,all,,0,1,normal,excel
403,提升火属性攻击力+2,335,提升火属性攻击力,,7001602,提升火属性攻击力＋２,2,火属性攻击力+6.5%,6.5,相同词条可叠加,all,,0,1,normal,excel
404,提升火属性攻击力+3,335,提升火属性攻击力,,6001600,提升火属性攻击力＋３,3,火属性攻击力+10.5%,10.5,相同词条可叠加,all,附带负面词条,0,1,deep,excel
405,提升火属性攻击力+4,335,提升火属性攻击力,,6001601,提升火属性攻击力＋４,4,火属性攻击力+12%,12.0,相同词条可叠加,all,附带负面词条,0,1,deep,excel
406,提升物理减伤率+1,336,提升物理减伤率,,6611001,提升物理减伤率＋１,1,受到的物理属性伤害-10.5%,10.5,相同词条可叠加,all,附带负面词条,0,1,deep,excel
407,提升物理减伤率+2,336,提升物理减伤率,,6611002,提升物理减伤率＋２,2,受到的物理属性伤害-12%,12.0,相同词条可叠加,all,附带负面词条,0,1,deep,excel
408,提升物理减伤率(雾霾的暗夜),337,提升物理减伤率(雾霾的暗夜),,7006200,提升物理减伤率 (雾霾的暗夜),0,受到的物理属性伤害-10%,10.0,相同词条可叠加,all,,0,1,normal,excel
409,提升物理攻击力,338,提升物理攻击力,,7001400,提升物理攻击力,0,物理攻击力+3%,3.0,相同词条可叠加,all,,0,1,normal,excel
410,提升物理攻击力+1,338,提升物理攻击力,,7001401,提升物理攻击力＋１,1,物理攻击力+4%,4.0,相同词条可叠加,all,,0,1,normal,excel
411,提升物理攻击力+2,338,提升物理攻击力,,7001402,提升物理攻击力＋２,2,物理攻击力+5%,5.0,相同词条可叠加,all,,0,1,normal,excel
411,提升物理攻击力+2,338,提升物理攻击力,,7001409,提升物理攻击力＋２,2,,0.0,,unknown,,0,1,,param
412,提升物理攻击力+3,338,提升物理攻击力,,6001400,提升物理攻击力＋３,3,物理攻击力+8.5%,8.5,相同词条可叠加,all,附带负面词条,0,1,deep,excel
413,提升物理攻击力+4,338,提升物理攻击力,,6001401,提升物理攻击力＋４,4,物理攻击力+10%,10.0,相同词条可叠加,all,附带负面词条,0,1,deep,excel
414,提升特大剑的攻击力,339,提升特大剑的攻击力,,7330300,提升特大剑的攻击力,0,造成的伤害+6.5%,6.5,相同词条可叠加,all,,0,1,normal,excel
415,提升特大武器的攻击力,340,提升特大武器的攻击力,,7332300,提升特大武器的攻击力,0,造成的伤害+6.5%,6.5,相同词条可叠加,all,,0,1,normal,excel
416,提升瓦解防御的能力,341,提升瓦解防御的能力,,8140000,提升瓦解防御的能力,0,,0.0,,unknown,,0,1,,param
416,提升瓦解防御的能力,341,提升瓦解防御的能力,,8140001,提升瓦解防御的能力,0,,0.0,,unknown,,0,0,,param
416,提升瓦解防御的能力,341,提升瓦解防御的能力,,8140002,提升瓦解防御的能力,0,,0.0,,unknown,,0,0,,param
417,提升直剑的攻击力,342,提升直剑的攻击力,,7330100,提升直剑的攻击力,0,造成的伤害+6.5%,6.5,相同词条可叠加,all,,0,1,normal,excel
418,提升矛的攻击力,343,提升矛的攻击力,,7331500,提升矛的攻击力,0,造成的伤害+6.5%,6.5,相同词条可叠加,all,,0,1,normal,excel
419,提升短剑的攻击力,344,提升短剑的攻击力,,7330000,提升短剑的攻击力,0,造成的伤害+6.5%,6.5,相同词条可叠加,all,,0,1,normal,excel
420,提升精力上限,345,提升精力上限,,6610600,提升精力上限,0,精力值上限+12%,12.0,相同词条可叠加,all,附带负面词条,0,1,deep,excel
420,提升精力上限,345,提升精力上限,,7000290,提升精力上限,0,+5点耐力（固定+10点精力值上限）,5.0,相同词条不可叠加,none,,0,1,normal,excel
421,提升血量上限,346,提升血量上限,,6610400,提升血量上限,0,生命值上限+10%,10.0,相同词条可叠加,all,附带负面词条,0,1,deep,excel
421,提升血量上限,346,提升血量上限,,7000090,提升血量上限,0,+5点生命力（固定+100点生命值上限）,5.0,相同词条不可叠加,none,,0,1,normal,excel
422,提升观察力,347,提升观察力,,8510000,提升观察力,0,,0.0,,unknown,,0,1,,param
422,提升观察力,347,提升观察力,,8510001,提升观察力,0,,0.0,,unknown,,0,0,,param
422,提升观察力,347,提升观察力,,8510002,提升观察力,0,,0.0,,unknown,,0,0,,param
423,提升软鞭的攻击力,348,提升软鞭的攻击力,,7332200,提升软鞭的攻击力,0,造成的伤害+6.5%,6.5,相同词条可叠加,all,,0,1,normal,excel
424,提升近战攻击力,349,提升近战攻击力,,7006600,提升近战攻击力,0,,0.0,人工修正：可叠加,all,,0,1,,param
424,提升近战攻击力,349,提升近战攻击力,,8320500,提升近战攻击力,0,,0.0,人工修正：可叠加,all,,0,1,,param
424,提升近战攻击力,349,提升近战攻击力,,8320510,提升近战攻击力,0,,0.0,人工修正：可叠加,all,,0,0,,param
424,提升近战攻击力,349,提升近战攻击力,,8320520,提升近战攻击力,0,,0.0,人工修正：可叠加,all,,0,0,,param
425,提升连枷的攻击力,350,提升连枷的攻击力,,7331400,提升连枷的攻击力,0,造成的伤害+6.5%,6.5,相同词条可叠加,all,,0,1,normal,excel
426,提升重刺剑的攻击力,351,提升重刺剑的攻击力,,7330900,提升重刺剑的攻击力,0,造成的伤害+6.5%,6.5,相同词条可叠加,all,,0,1,normal,excel
427,提升钩爪的攻击力,352,提升钩爪的攻击力,,7332100,提升钩爪的攻击力,0,造成的伤害+6.5%,6.5,相同词条可叠加,all,,0,1,normal,excel
428,提升镰刀的攻击力,353,提升镰刀的攻击力,,7331900,提升镰刀的攻击力,0,造成的伤害+6.5%,6.5,相同词条可叠加,all,,0,1,normal,excel
429,提升防御强度,354,提升防御强度,,8220000,提升防御强度,0,,0.0,,unknown,,0,1,,param
429,提升防御强度,354,提升防御强度,,8220001,提升防御强度,0,,0.0,,unknown,,0,0,,param
429,提升防御强度,354,提升防御强度,,8220002,提升防御强度,0,,0.0,,unknown,,0,0,,param
430,提升雷属性减伤率,355,提升雷属性减伤率,,7002800,提升雷属性减伤率,0,受到的雷属性伤害-10%,10.0,相同词条可叠加,all,,0,1,normal,excel
430,提升雷属性减伤率,355,提升雷属性减伤率,,8200300,提升雷属性减伤率,0,,0.0,,unknown,,0,1,,param
430,提升雷属性减伤率,355,提升雷属性减伤率,,8200301,提升雷属性减伤率,0,,0.0,,unknown,,0,0,,param
430,提升雷属性减伤率,355,提升雷属性减伤率,,8200302,提升雷属性减伤率,0,,0.0,,unknown,,0,0,,param
431,提升雷属性减伤率+1,355,提升雷属性减伤率,,6002800,提升雷属性减伤率＋１,1,减少受到雷属性伤害-15%,15.0,相同词条可叠加,all,附带负面词条,0,1,deep,excel
432,提升雷属性减伤率+2,355,提升雷属性减伤率,,6002801,提升雷属性减伤率＋２,2,减少受到雷属性伤害-16%,16.0,相同词条可叠加,all,附带负面词条,0,1,deep,excel
433,提升雷属性攻击力,356,提升雷属性攻击力,,7001700,提升雷属性攻击力,0,雷属性攻击力+4.5%,4.5,相同词条可叠加,all,,0,1,normal,excel
433,提升雷属性攻击力,356,提升雷属性攻击力,,8100300,提升雷属性攻击力,0,,0.0,,unknown,,0,1,,param
433,提升雷属性攻击力,356,提升雷属性攻击力,,8100301,提升雷属性攻击力,0,,0.0,,unknown,,0,0,,param
433,提升雷属性攻击力,356,提升雷属性攻击力,,8100302,提升雷属性攻击力,0,,0.0,,unknown,,0,0,,param
434,提升雷属性攻击力+1,356,提升雷属性攻击力,,7001701,提升雷属性攻击力＋１,1,雷属性攻击力+5.5%,5.5,相同词条可叠加,all,,0,1,normal,excel
435,提升雷属性攻击力+2,356,提升雷属性攻击力,,7001702,提升雷属性攻击力＋２,2,雷属性攻击力+6.5%,6.5,相同词条可叠加,all,,0,1,normal,excel
436,提升雷属性攻击力+3,356,提升雷属性攻击力,,6001700,提升雷属性攻击力＋３,3,雷属性攻击力+10.5%,10.5,相同词条可叠加,all,附带负面词条,0,1,deep,excel
437,提升雷属性攻击力+4,356,提升雷属性攻击力,,6001701,提升雷属性攻击力＋４,4,雷属性攻击力+12%,12.0,相同词条可叠加,all,附带负面词条,0,1,deep,excel
438,提升魔力属性减伤率,357,提升魔力属性减伤率,,7002600,提升魔力属性减伤率,0,受到的魔力属性伤害-10%,10.0,相同词条可叠加,all,,0,1,normal,excel
438,提升魔力属性减伤率,357,提升魔力属性减伤率,,8200100,提升魔力属性减伤率,0,,0.0,,unknown,,0,1,,param
438,提升魔力属性减伤率,357,提升魔力属性减伤率,,8200101,提升魔力属性减伤率,0,,0.0,,unknown,,0,0,,param
438,提升魔力属性减伤率,357,提升魔力属性减伤率,,8200102,提升魔力属性减伤率,0,,0.0,,unknown,,0,0,,param
439,提升魔力属性减伤率+1,357,提升魔力属性减伤率,,6002600,提升魔力属性减伤率＋１,1,减少受到魔力属性伤害-15%,15.0,相同词条可叠加,all,附带负面词条,0,1,deep,excel
440,提升魔力属性减伤率+2,357,提升魔力属性减伤率,,6002601,提升魔力属性减伤率＋２,2,减少受到魔力属性伤害-16%,16.0,相同词条可叠加,all,附带负面词条,0,1,deep,excel
441,提升魔力属性攻击力,358,提升魔力属性攻击力,,7001500,提升魔力属性攻击力,0,魔力属性攻击力+4.5%,4.5,相同词条可叠加,all,,0,1,normal,excel
441,提升魔力属性攻击力,358,提升魔力属性攻击力,,8100100,提升魔力属性攻击力,0,,0.0,,unknown,,0,1,,param
441,提升魔力属性攻击力,358,提升魔力属性攻击力,,8100101,提升魔力属性攻击力,0,,0.0,,unknown,,0,0,,param
441,提升魔力属性攻击力,358,提升魔力属性攻击力,,8100102,提升魔力属性攻击力,0,,0.0,,unknown,,0,0,,param
442,提升魔力属性攻击力+1,358,提升魔力属性攻击力,,7001501,提升魔力属性攻击力＋１,1,魔力属性攻击力+5.5%,5.5,相同词条可叠加,all,,0,1,normal,excel
443,提升魔力属性攻击力+2,358,提升魔力属性攻击力,,7001502,提升魔力属性攻击力＋２,2,魔力属性攻击力+6.5%,6.5,相同词条可叠加,all,,0,1,normal,excel
444,提升魔力属性攻击力+3,358,提升魔力属性攻击力,,6001500,提升魔力属性攻击力＋３,3,魔力属性攻击力+10.5%,10.5,相同词条可叠加,all,附带负面词条,0,1,deep,excel
445,提升魔力属性攻击力+4,358,提升魔力属性攻击力,,6001501,提升魔力属性攻击力＋４,4,魔力属性攻击力+12%,12.0,相同词条可叠加,all,附带负面词条,0,1,deep,excel
446,"攻击命中时,恢复专注值",359,"攻击命中时,恢复专注值",,8600200,攻击命中时，恢复专注值,0,,0.0,,unknown,,0,1,,param
446,"攻击命中时,恢复专注值",359,"攻击命中时,恢复专注值",,8600201,攻击命中时，恢复专注值,0,,0.0,,unknown,,0,0,,param
446,"攻击命中时,恢复专注值",359,"攻击命中时,恢复专注值",,8600202,攻击命中时，恢复专注值,0,,0.0,,unknown,,0,0,,param
447,"攻击命中时,恢复血量",360,"攻击命中时,恢复血量",,8600100,攻击命中时，恢复血量,0,,0.0,,unknown,,0,1,,param
447,"攻击命中时,恢复血量",360,"攻击命中时,恢复血量",,8600101,攻击命中时，恢复血量,0,,0.0,,unknown,,0,0,,param
447,"攻击命中时,恢复血量",360,"攻击命中时,恢复血量",,8600102,攻击命中时，恢复血量,0,,0.0,,unknown,,0,0,,param
448,"攻击成功时,能恢复精力",361,"攻击成功时,能恢复精力",,7100100,攻击成功时，能恢复精力,0,攻击成功时，+2点精力值,2.0,不同级别可叠加 相同级别不可叠加,by_level,,0,1,normal,excel
449,"攻击成功时,能恢复精力+1(野兽的黑夜)",362,"攻击成功时,能恢复精力+1(野兽的黑夜)",,7100110,攻击成功时，能恢复精力＋１ (野兽的黑夜),0,攻击成功时，+3点精力值,3.0,不同级别可叠加 相同级别不可叠加,by_level,,0,1,normal,excel
450,敌人比较不会攻击自己,363,敌人比较不会攻击自己,,8520000,敌人比较不会攻击自己,0,,0.0,,unknown,,0,1,,param
450,敌人比较不会攻击自己,363,敌人比较不会攻击自己,,8520001,敌人比较不会攻击自己,0,,0.0,,unknown,,0,0,,param
450,敌人比较不会攻击自己,363,敌人比较不会攻击自己,,8520002,敌人比较不会攻击自己,0,,0.0,,unknown,,0,0,,param
451,智力+1,364,智力,,7000500,智力＋１,1,+1点智力,1.0,相同词条可叠加,all,,0,1,normal,excel
452,智力+2,364,智力,,7000501,智力＋２,2,+2点智力,2.0,相同词条可叠加,all,,0,1,normal,excel
453,智力+3,364,智力,,7000502,智力＋３,3,+3点智力,3.0,相同词条可叠加,all,,0,1,normal,excel
454,"每次打倒大型营地的强敌,能提升精力上限",365,"每次打倒大型营地的强敌,能提升精力上限",,6060600,每次打倒大型营地的强敌，能提升精力上限,0,每次精力值上限+7.5%,7.5,相同词条不可叠加,none,不附带负面词条,0,1,deep,excel
455,"每次打倒大教堂的强敌,能提升血量上限",366,"每次打倒大教堂的强敌,能提升血量上限",,6060300,每次打倒大教堂的强敌，能提升血量上限,0,每次生命值上限+5%,5.0,相同词条不可叠加,none,不附带负面词条,0,1,deep,excel
456,"每次打倒封印监牢里的囚犯,能永久性提升攻击力",367,"每次打倒封印监牢里的囚犯,能永久性提升攻击力",,7060000,每次打倒封印监牢里的囚犯，能永久性提升攻击力,0,造成的伤害每次+5%，局内无限成长,5.0,相同词条不可叠加,none,,0,1,normal,excel
457,"每次打倒小型要塞的强敌,能增加获得的卢恩、提升观察力",368,"每次打倒小型要塞的强敌,能增加获得的卢恩、提升观察力",,6060400,每次打倒小型要塞的强敌，能增加获得的卢恩、提升观察力,0,每次获得的卢恩+5.5%，仅对击杀奖励有效，观察力+16,5.5,相同词条不可叠加,none,不附带负面词条,0,1,deep,excel
458,"每次打倒遗迹的强敌,能提升感应",369,"每次打倒遗迹的强敌,能提升感应",,6060500,每次打倒遗迹的强敌，能提升感应,0,每次感应+4,0.0,相同词条不可叠加,none,不附带负面词条,0,1,deep,excel
459,"每次打倒黑夜入侵者,能提升攻击力",370,"每次打倒黑夜入侵者,能提升攻击力",,7060200,每次打倒黑夜入侵者，能提升攻击力,0,造成的伤害每次+7%，局内无限成长,7.0,相同词条不可叠加,none,,0,1,normal,excel
460,"每次解开魔法师塔的机关,能永久性提升专注值上限",371,"每次解开魔法师塔的机关,能永久性提升专注值上限",,7060100,每次解开魔法师塔的机关，能永久性提升专注值上限,0,专注值上限每次+18%，局内无限成长,18.0,相同词条不可叠加,none,,0,1,normal,excel
461,"涂抹油脂类道具时,能额外提升攻击力",372,"涂抹油脂类道具时,能额外提升攻击力",,7030900,涂抹油脂类道具时，能额外提升攻击力,0,30秒内，增加物理伤害+10%,10.0,不同级别可叠加 相同级别不可叠加,by_level,,0,1,normal,excel
462,"涂抹油脂类道具时,能额外提升物理攻击力+1",373,"涂抹油脂类道具时,能额外提升物理攻击力",,6030900,涂抹油脂类道具时，能额外提升物理攻击力＋１,1,30秒内，增加物理伤害+17%,17.0,不同级别可叠加 相同级别不可叠加,by_level,附带负面词条,0,1,deep,excel
463,"涂抹油脂类道具时,能额外提升物理攻击力+2",373,"涂抹油脂类道具时,能额外提升物理攻击力",,6030901,涂抹油脂类道具时，能额外提升物理攻击力＋２,2,30秒内，增加物理伤害+20%,20.0,不同级别可叠加 相同级别不可叠加,by_level,附带负面词条,0,1,deep,excel
464,"濒死时,降低血量上限",374,"濒死时,降低血量上限",,6851700,濒死时，降低血量上限,0,濒死救活后，60秒内，生命值上限-25%,25.0,相同词条可叠加,all,随机加入正面词条,1,1,deep,excel
465,灵巧+1,375,灵巧,,7000400,灵巧＋１,1,+1点灵巧,1.0,相同词条可叠加,all,,0,1,normal,excel
466,灵巧+2,375,灵巧,,7000401,灵巧＋２,2,+2点灵巧,2.0,相同词条可叠加,all,,0,1,normal,excel
467,灵巧+3,375,灵巧,,7000402,灵巧＋３,3,+3点灵巧,3.0,相同词条可叠加,all,,0,1,normal,excel
468,生命力+1,376,生命力,,7000000,生命力＋１,1,+1点生命力（固定+20点生命值上限）,1.0,相同词条可叠加,all,,0,1,normal,excel
469,生命力+2,376,生命力,,7000001,生命力＋２,2,+2点生命力（固定+40点生命值上限）,2.0,相同词条可叠加,all,,0,1,normal,excel
470,生命力+3,376,生命力,,7000002,生命力＋３,3,+3点生命力（固定+60点生命值上限）,3.0,相同词条可叠加,all,,0,1,normal,excel
471,"突刺反击成功时,能恢复血量",377,"突刺反击成功时,能恢复血量",,7160000,突刺反击成功时，能恢复血量,0,触发突刺反击时，回复人物最大生命值的2.5%,2.5,不同级别可叠加 相同级别不可叠加,by_level,,0,1,normal,excel
472,"突刺反击成功时,能恢复血量+1",377,"突刺反击成功时,能恢复血量",,6160000,突刺反击成功时，能恢复血量＋１,1,触发突刺反击时，回复人物最大生命值的3.3%,3.3,不同级别可叠加 相同级别不可叠加,by_level,附带负面词条,0,1,deep,excel
473,缩短技艺的冷却时间+1,378,缩短技艺的冷却时间,,7000800,缩短技艺的冷却时间＋１,1,技艺冷却时间-5%,5.0,相同词条可叠加,all,,0,1,normal,excel
474,缩短技艺的冷却时间+2,378,缩短技艺的冷却时间,,7000801,缩短技艺的冷却时间＋２,2,技艺冷却时间-7.5%,7.5,相同词条可叠加,all,,0,1,normal,excel
475,缩短技艺的冷却时间+3,378,缩短技艺的冷却时间,,7000802,缩短技艺的冷却时间＋３,3,技艺冷却时间-10%,10.0,相同词条可叠加,all,,0,1,normal,excel
476,缩短魔法、祷告的咏唱时间,379,缩短魔法、祷告的咏唱时间,,8330400,缩短魔法、祷告的咏唱时间,0,,0.0,,unknown,,0,1,,param
476,缩短魔法、祷告的咏唱时间,379,缩短魔法、祷告的咏唱时间,,8330401,缩短魔法、祷告的咏唱时间,0,,0.0,,unknown,,0,0,,param
477,耐力+1,380,耐力,,7000200,耐力＋１,1,+1点耐力（固定+2点精力值上限）,1.0,相同词条可叠加,all,,0,1,normal,excel
478,耐力+2,380,耐力,,7000201,耐力＋２,2,+2点耐力（固定+4点精力值上限）,2.0,相同词条可叠加,all,,0,1,normal,excel
479,耐力+3,380,耐力,,7000202,耐力＋３,3,+3点耐力（固定+6点精力值上限）,3.0,相同词条可叠加,all,,0,1,normal,excel
480,能显示地图上隐藏宝藏的位置,381,能显示地图上隐藏宝藏的位置,,7070000,能显示地图上隐藏宝藏的位置,0,,0.0,相同词条不可叠加,none,,0,1,normal,excel
481,"蓄力攻击命中时,提升减伤率",382,"蓄力攻击命中时,提升减伤率",,8320400,蓄力攻击命中时，提升减伤率,0,,0.0,,unknown,,0,1,,param
481,"蓄力攻击命中时,提升减伤率",382,"蓄力攻击命中时,提升减伤率",,8320410,蓄力攻击命中时，提升减伤率,0,,0.0,,unknown,,0,0,,param
481,"蓄力攻击命中时,提升减伤率",382,"蓄力攻击命中时,提升减伤率",,8320420,蓄力攻击命中时，提升减伤率,0,,0.0,,unknown,,0,0,,param
482,"蓄力攻击命中时,追加圣属性攻击",383,"蓄力攻击命中时,追加圣属性攻击",,8610600,蓄力攻击命中时，追加圣属性攻击,0,,0.0,,unknown,,0,1,,param
483,"蓄力攻击命中时,追加火属性攻击",384,"蓄力攻击命中时,追加火属性攻击",,8610400,蓄力攻击命中时，追加火属性攻击,0,,0.0,,unknown,,0,1,,param
484,"蓄力攻击命中时,追加雷属性攻击",385,"蓄力攻击命中时,追加雷属性攻击",,8610500,蓄力攻击命中时，追加雷属性攻击,0,,0.0,,unknown,,0,1,,param
485,"蓄力攻击命中时,追加魔力属性攻击",386,"蓄力攻击命中时,追加魔力属性攻击",,8610300,蓄力攻击命中时，追加魔力属性攻击,0,,0.0,,unknown,,0,1,,param
486,"血量偏低时,包含周围我方人物缓慢恢复血量",387,"血量偏低时,包含周围我方人物缓慢恢复血量",,7012200,血量偏低时，包含周围我方人物缓慢恢复血量,0,生命值量小于20%时，50秒内， 每秒恢复最大生命值的0.5%+1，内置50秒冷却时间,20.0,相同词条不可叠加,none,,0,1,normal,excel
487,"血量偏低时,提升减伤率",388,"血量偏低时,提升减伤率",,8660100,血量偏低时，提升减伤率,0,,0.0,,unknown,,0,1,,param
487,"血量偏低时,提升减伤率",388,"血量偏低时,提升减伤率",,8660101,血量偏低时，提升减伤率,0,,0.0,,unknown,,0,0,,param
487,"血量偏低时,提升减伤率",388,"血量偏低时,提升减伤率",,8660102,血量偏低时，提升减伤率,0,,0.0,,unknown,,0,0,,param
488,"血量偏低时,提升攻击力",389,"血量偏低时,提升攻击力",,8660000,血量偏低时，提升攻击力,0,,0.0,,unknown,,0,1,,param
488,"血量偏低时,提升攻击力",389,"血量偏低时,提升攻击力",,8660001,血量偏低时，提升攻击力,0,,0.0,,unknown,,0,0,,param
488,"血量偏低时,提升攻击力",389,"血量偏低时,提升攻击力",,8660002,血量偏低时，提升攻击力,0,,0.0,,unknown,,0,0,,param
489,"血量偏低时,能提升减伤率",390,"血量偏低时,能提升减伤率",,7012300,血量偏低时，能提升减伤率,0,生命值量小于20%时，受到的伤害-25%,20.0,相同词条可叠加,all,,0,1,normal,excel
490,"血量全满时,提升减伤率",391,"血量全满时,提升减伤率",,8670100,血量全满时，提升减伤率,0,,0.0,,unknown,,0,1,,param
490,"血量全满时,提升减伤率",391,"血量全满时,提升减伤率",,8670101,血量全满时，提升减伤率,0,,0.0,,unknown,,0,0,,param
490,"血量全满时,提升减伤率",391,"血量全满时,提升减伤率",,8670102,血量全满时，提升减伤率,0,,0.0,,unknown,,0,0,,param
491,"血量全满时,提升攻击力",392,"血量全满时,提升攻击力",,8670000,血量全满时，提升攻击力,0,,0.0,,unknown,,0,1,,param
491,"血量全满时,提升攻击力",392,"血量全满时,提升攻击力",,8670001,血量全满时，提升攻击力,0,,0.0,,unknown,,0,0,,param
491,"血量全满时,提升攻击力",392,"血量全满时,提升攻击力",,8670002,血量全满时，提升攻击力,0,,0.0,,unknown,,0,0,,param
492,"血量没有全满时,累积中毒量表",393,"血量没有全满时,累积中毒量表",,6851300,血量没有全满时，累积中毒量表,0,血量不满时，每1.3秒增加3点中毒值,0.0,相同词条可叠加,all,随机加入正面词条,1,1,deep,excel
493,"血量没有全满时,累积猩红腐败量表",394,"血量没有全满时,累积猩红腐败量表",,6851400,血量没有全满时，累积猩红腐败量表,0,血量不满时，每1.3秒增加2点腐败值,0.0,相同词条可叠加,all,随机加入正面词条,1,1,deep,excel
494,"血量没有全满时,降低攻击力",395,"血量没有全满时,降低攻击力",,6851200,血量没有全满时，降低攻击力,0,血量不满时，造成的伤害-8.5%,8.5,相同词条可叠加,all,随机加入正面词条,1,1,deep,excel
495,"装备三把以上类别为中盾的武器,能提升血量上限",396,"装备三把以上类别为中盾的武器,能提升血量上限",,7082800,装备三把以上类别为中盾的武器，能提升血量上限,0,+10点生命力（固定+200点生命值上限）,10.0,相同词条不可叠加,none,,0,1,normal,excel
496,"装备三把以上类别为刀的武器,能提升攻击力",397,"装备三把以上类别为刀的武器,能提升攻击力",,7080600,装备三把以上类别为刀的武器，能提升攻击力,0,造成的伤害+20%，指定放在背包里就可生效，用别的武器也可增伤,20.0,相同词条不可叠加,none,,0,1,normal,excel
497,"装备三把以上类别为刺剑的武器,能提升攻击力",398,"装备三把以上类别为刺剑的武器,能提升攻击力",,7080800,装备三把以上类别为刺剑的武器，能提升攻击力,0,造成的伤害+20%，指定放在背包里就可生效，用别的武器也可增伤,20.0,相同词条不可叠加,none,,0,1,normal,excel
498,"装备三把以上类别为双头剑的武器,能提升攻击力",399,"装备三把以上类别为双头剑的武器,能提升攻击力",,7080700,装备三把以上类别为双头剑的武器，能提升攻击力,0,造成的伤害+20%，指定放在背包里就可生效，用别的武器也可增伤,20.0,相同词条不可叠加,none,,0,1,normal,excel
499,"装备三把以上类别为圣印记的武器,能提升专注值上限",400,"装备三把以上类别为圣印记的武器,能提升专注值上限",,7082600,装备三把以上类别为圣印记的武器，能提升专注值上限,0,+10点集中力（固定+50点专注值上限）,10.0,相同词条不可叠加,none,,0,1,normal,excel
500,"装备三把以上类别为大剑的武器,能提升攻击力",401,"装备三把以上类别为大剑的武器,能提升攻击力",,7080200,装备三把以上类别为大剑的武器，能提升攻击力,0,造成的伤害+20%，指定放在背包里就可生效，用别的武器也可增伤,20.0,相同词条不可叠加,none,,0,1,normal,excel
501,"装备三把以上类别为大斧的武器,能提升攻击力",402,"装备三把以上类别为大斧的武器,能提升攻击力",,7081100,装备三把以上类别为大斧的武器，能提升攻击力,0,造成的伤害+20%，指定放在背包里就可生效，用别的武器也可增伤,20.0,相同词条不可叠加,none,,0,1,normal,excel
502,"装备三把以上类别为大曲剑的武器,能提升攻击力",403,"装备三把以上类别为大曲剑的武器,能提升攻击力",,7080500,装备三把以上类别为大曲剑的武器，能提升攻击力,0,造成的伤害+20%，指定放在背包里就可生效，用别的武器也可增伤,20.0,相同词条不可叠加,none,,0,1,normal,excel
503,"装备三把以上类别为大槌的武器,能提升攻击力",404,"装备三把以上类别为大槌的武器,能提升攻击力",,7081300,装备三把以上类别为大槌的武器，能提升攻击力,0,造成的伤害+20%，指定放在背包里就可生效，用别的武器也可增伤,20.0,相同词条不可叠加,none,,0,1,normal,excel
504,"装备三把以上类别为大盾的武器,能提升血量上限",405,"装备三把以上类别为大盾的武器,能提升血量上限",,7082900,装备三把以上类别为大盾的武器，能提升血量上限,0,+10点生命力（固定+200点生命值上限）,10.0,相同词条不可叠加,none,,0,1,normal,excel
505,"装备三把以上类别为大矛的武器,能提升攻击力",406,"装备三把以上类别为大矛的武器,能提升攻击力",,7081700,装备三把以上类别为大矛的武器，能提升攻击力,0,造成的伤害+20%，指定放在背包里就可生效，用别的武器也可增伤,20.0,相同词条不可叠加,none,,0,1,normal,excel
506,"装备三把以上类别为小盾的武器,能提升血量上限",407,"装备三把以上类别为小盾的武器,能提升血量上限",,7082700,装备三把以上类别为小盾的武器，能提升血量上限,0,+10点生命力（固定+200点生命值上限）,10.0,相同词条不可叠加,none,,0,1,normal,excel
507,"装备三把以上类别为弓的武器,能提升攻击力",408,"装备三把以上类别为弓的武器,能提升攻击力",,7082400,装备三把以上类别为弓的武器，能提升攻击力,0,造成的伤害+10%，指定放在背包里就可生效，用别的武器也可增伤,10.0,相同词条不可叠加,none,,0,1,normal,excel
508,"装备三把以上类别为戟的武器,能提升攻击力",409,"装备三把以上类别为戟的武器,能提升攻击力",,7081800,装备三把以上类别为戟的武器，能提升攻击力,0,造成的伤害+20%，指定放在背包里就可生效，用别的武器也可增伤,20.0,相同词条不可叠加,none,,0,1,normal,excel
509,"装备三把以上类别为手杖的武器,能提升专注值上限",410,"装备三把以上类别为手杖的武器,能提升专注值上限",,7082500,装备三把以上类别为手杖的武器，能提升专注值上限,0,+10点集中力（固定+50点专注值上限）,10.0,相同词条不可叠加,none,,0,1,normal,excel
510,"装备三把以上类别为拳头的武器,能提升攻击力",411,"装备三把以上类别为拳头的武器,能提升攻击力",,7082000,装备三把以上类别为拳头的武器，能提升攻击力,0,造成的伤害+20%，指定放在背包里就可生效，用别的武器也可增伤,20.0,相同词条不可叠加,none,,0,1,normal,excel
511,"装备三把以上类别为斧的武器,能提升攻击力",412,"装备三把以上类别为斧的武器,能提升攻击力",,7081000,装备三把以上类别为斧的武器，能提升攻击力,0,造成的伤害+20%，指定放在背包里就可生效，用别的武器也可增伤,20.0,相同词条不可叠加,none,,0,1,normal,excel
512,"装备三把以上类别为曲剑的武器,能提升攻击力",413,"装备三把以上类别为曲剑的武器,能提升攻击力",,7080400,装备三把以上类别为曲剑的武器，能提升攻击力,0,造成的伤害+20%，指定放在背包里就可生效，用别的武器也可增伤,20.0,相同词条不可叠加,none,,0,1,normal,excel
513,"装备三把以上类别为槌的武器,能提升攻击力",414,"装备三把以上类别为槌的武器,能提升攻击力",,7081200,装备三把以上类别为槌的武器，能提升攻击力,0,造成的伤害+20%，指定放在背包里就可生效，用别的武器也可增伤,20.0,相同词条不可叠加,none,,0,1,normal,excel
514,"装备三把以上类别为特大剑的武器,能提升攻击力",415,"装备三把以上类别为特大剑的武器,能提升攻击力",,7080300,装备三把以上类别为特大剑的武器，能提升攻击力,0,造成的伤害+20%，指定放在背包里就可生效，用别的武器也可增伤,20.0,相同词条不可叠加,none,,0,1,normal,excel
515,"装备三把以上类别为特大武器的武器,能提升攻击力",416,"装备三把以上类别为特大武器的武器,能提升攻击力",,7082300,装备三把以上类别为特大武器的武器，能提升攻击力,0,造成的伤害+20%，指定放在背包里就可生效，用别的武器也可增伤,20.0,相同词条不可叠加,none,,0,1,normal,excel
516,"装备三把以上类别为直剑的武器,能提升攻击力",417,"装备三把以上类别为直剑的武器,能提升攻击力",,7080100,装备三把以上类别为直剑的武器，能提升攻击力,0,造成的伤害+20%，指定放在背包里就可生效，用别的武器也可增伤,20.0,相同词条不可叠加,none,,0,1,normal,excel
517,"装备三把以上类别为矛的武器,能提升攻击力",418,"装备三把以上类别为矛的武器,能提升攻击力",,7081500,装备三把以上类别为矛的武器，能提升攻击力,0,造成的伤害+20%，指定放在背包里就可生效，用别的武器也可增伤,20.0,相同词条不可叠加,none,,0,1,normal,excel
518,"装备三把以上类别为短剑的武器,能提升攻击力",419,"装备三把以上类别为短剑的武器,能提升攻击力",,7080000,装备三把以上类别为短剑的武器，能提升攻击力,0,造成的伤害+20%，指定放在背包里就可生效，用别的武器也可增伤,20.0,相同词条不可叠加,none,,0,1,normal,excel
519,"装备三把以上类别为软鞭的武器,能提升攻击力",420,"装备三把以上类别为软鞭的武器,能提升攻击力",,7082200,装备三把以上类别为软鞭的武器，能提升攻击力,0,造成的伤害+20%，指定放在背包里就可生效，用别的武器也可增伤,20.0,相同词条不可叠加,none,,0,1,normal,excel
520,"装备三把以上类别为连枷的武器,能提升攻击力",421,"装备三把以上类别为连枷的武器,能提升攻击力",,7081400,装备三把以上类别为连枷的武器，能提升攻击力,0,造成的伤害+20%，指定放在背包里就可生效，用别的武器也可增伤,20.0,相同词条不可叠加,none,,0,1,normal,excel
521,"装备三把以上类别为重刺剑的武器,能提升攻击力",422,"装备三把以上类别为重刺剑的武器,能提升攻击力",,7080900,装备三把以上类别为重刺剑的武器，能提升攻击力,0,造成的伤害+20%，指定放在背包里就可生效，用别的武器也可增伤,20.0,相同词条不可叠加,none,,0,1,normal,excel
522,"装备三把以上类别为钩爪的武器,能提升攻击力",423,"装备三把以上类别为钩爪的武器,能提升攻击力",,7082100,装备三把以上类别为钩爪的武器，能提升攻击力,0,造成的伤害+20%，指定放在背包里就可生效，用别的武器也可增伤,20.0,相同词条不可叠加,none,,0,1,normal,excel
523,"装备三把以上类别为镰刀的武器,能提升攻击力",424,"装备三把以上类别为镰刀的武器,能提升攻击力",,7081900,装备三把以上类别为镰刀的武器，能提升攻击力,0,造成的伤害+20%，指定放在背包里就可生效，用别的武器也可增伤,20.0,相同词条不可叠加,none,,0,1,normal,excel
524,"身在图腾碑石周围时,能提升强韧度",425,"身在图腾碑石周围时,能提升强韧度",,7030000,身在图腾碑石周围时，能提升强韧度,0,在图腾碑石周围时，受到的韧性伤害-50%，内置30秒冷却时间 该效果为触发型而非“光环效果”， 只要无赖释放绝招“图腾石碑”的时候你在周围，就能触发 反过来说，如果释放的时候你不在周围，之后靠近石碑不能触发效果,50.0,相同词条不可叠加,none,,0,1,normal,excel
525,"连续攻击时,仅限一次提升减伤率",426,"连续攻击时,仅限一次提升减伤率",,8610700,连续攻击时，仅限一次提升减伤率,0,,0.0,,unknown,,0,1,,param
525,"连续攻击时,仅限一次提升减伤率",426,"连续攻击时,仅限一次提升减伤率",,8610710,连续攻击时，仅限一次提升减伤率,0,,0.0,,unknown,,0,0,,param
525,"连续攻击时,仅限一次提升减伤率",426,"连续攻击时,仅限一次提升减伤率",,8610720,连续攻击时，仅限一次提升减伤率,0,,0.0,,unknown,,0,0,,param
526,"连续攻击时,恢复专注值",427,"连续攻击时,恢复专注值",,10000,连续攻击时，恢复专注值,0,,0.0,,unknown,,0,1,,param
526,"连续攻击时,恢复专注值",427,"连续攻击时,恢复专注值",,7036000,连续攻击时，恢复专注值,0,,0.0,,unknown,,0,1,,param
527,"连续攻击时,提升攻击力",428,"连续攻击时,提升攻击力",,7037600,连续攻击时，提升攻击力,0,,0.0,,unknown,,0,1,,param
528,"连续闪避时,降低减伤率",429,"连续闪避时,降低减伤率",,6850800,连续闪避时，降低减伤率,0,连续闪避时，受到的伤害+35%，效果持续15秒,35.0,相同词条可叠加,all,随机加入正面词条,1,1,deep,excel
529,"通过潜在能力,能比较容易找到中盾",430,"通过潜在能力,能比较容易找到中盾",,6632800,通过潜在能力，能比较容易找到中盾,0,,0.0,相同词条不可叠加,none,不附带负面词条,0,1,deep,excel
530,"通过潜在能力,能比较容易找到刀",431,"通过潜在能力,能比较容易找到刀",,6630600,通过潜在能力，能比较容易找到刀,0,,0.0,相同词条不可叠加,none,不附带负面词条,0,1,deep,excel
531,"通过潜在能力,能比较容易找到刺剑",432,"通过潜在能力,能比较容易找到刺剑",,6630800,通过潜在能力，能比较容易找到刺剑,0,,0.0,相同词条不可叠加,none,不附带负面词条,0,1,deep,excel
532,"通过潜在能力,能比较容易找到双头剑",433,"通过潜在能力,能比较容易找到双头剑",,6630700,通过潜在能力，能比较容易找到双头剑,0,,0.0,相同词条不可叠加,none,不附带负面词条,0,1,deep,excel
533,"通过潜在能力,能比较容易找到圣印记",434,"通过潜在能力,能比较容易找到圣印记",,6633100,通过潜在能力，能比较容易找到圣印记,0,,0.0,相同词条不可叠加,none,不附带负面词条,0,1,deep,excel
534,"通过潜在能力,能比较容易找到大剑",435,"通过潜在能力,能比较容易找到大剑",,6630200,通过潜在能力，能比较容易找到大剑,0,,0.0,相同词条不可叠加,none,不附带负面词条,0,1,deep,excel
535,"通过潜在能力,能比较容易找到大弓",436,"通过潜在能力,能比较容易找到大弓",,6632400,通过潜在能力，能比较容易找到大弓,0,,0.0,相同词条不可叠加,none,不附带负面词条,0,1,deep,excel
536,"通过潜在能力,能比较容易找到大斧",437,"通过潜在能力,能比较容易找到大斧",,6631100,通过潜在能力，能比较容易找到大斧,0,,0.0,相同词条不可叠加,none,不附带负面词条,0,1,deep,excel
537,"通过潜在能力,能比较容易找到大曲剑",438,"通过潜在能力,能比较容易找到大曲剑",,6630500,通过潜在能力，能比较容易找到大曲剑,0,,0.0,相同词条不可叠加,none,不附带负面词条,0,1,deep,excel
538,"通过潜在能力,能比较容易找到大槌",439,"通过潜在能力,能比较容易找到大槌",,6631300,通过潜在能力，能比较容易找到大槌,0,,0.0,相同词条不可叠加,none,不附带负面词条,0,1,deep,excel
539,"通过潜在能力,能比较容易找到大盾",440,"通过潜在能力,能比较容易找到大盾",,6632900,通过潜在能力，能比较容易找到大盾,0,,0.0,相同词条不可叠加,none,不附带负面词条,0,1,deep,excel
540,"通过潜在能力,能比较容易找到大矛",441,"通过潜在能力,能比较容易找到大矛",,6631600,通过潜在能力，能比较容易找到大矛,0,,0.0,相同词条不可叠加,none,不附带负面词条,0,1,deep,excel
541,"通过潜在能力,能比较容易找到小盾",442,"通过潜在能力,能比较容易找到小盾",,6632700,通过潜在能力，能比较容易找到小盾,0,,0.0,相同词条不可叠加,none,不附带负面词条,0,1,deep,excel
542,"通过潜在能力,能比较容易找到弓",443,"通过潜在能力,能比较容易找到弓",,6632300,通过潜在能力，能比较容易找到弓,0,,0.0,相同词条不可叠加,none,不附带负面词条,0,1,deep,excel
543,"通过潜在能力,能比较容易找到弩",444,"通过潜在能力,能比较容易找到弩",,6632500,通过潜在能力，能比较容易找到弩,0,,0.0,相同词条不可叠加,none,不附带负面词条,0,1,deep,excel
544,"通过潜在能力,能比较容易找到弩炮",445,"通过潜在能力,能比较容易找到弩炮",,6632600,通过潜在能力，能比较容易找到弩炮,0,,0.0,相同词条不可叠加,none,不附带负面词条,0,1,deep,excel
545,"通过潜在能力,能比较容易找到戟",446,"通过潜在能力,能比较容易找到戟",,6631700,通过潜在能力，能比较容易找到戟,0,,0.0,相同词条不可叠加,none,不附带负面词条,0,1,deep,excel
546,"通过潜在能力,能比较容易找到手杖",447,"通过潜在能力,能比较容易找到手杖",,6633000,通过潜在能力，能比较容易找到手杖,0,,0.0,相同词条不可叠加,none,不附带负面词条,0,1,deep,excel
547,"通过潜在能力,能比较容易找到拳头",448,"通过潜在能力,能比较容易找到拳头",,6631900,通过潜在能力，能比较容易找到拳头,0,,0.0,相同词条不可叠加,none,不附带负面词条,0,1,deep,excel
548,"通过潜在能力,能比较容易找到斧",449,"通过潜在能力,能比较容易找到斧",,6631000,通过潜在能力，能比较容易找到斧,0,,0.0,相同词条不可叠加,none,不附带负面词条,0,1,deep,excel
549,"通过潜在能力,能比较容易找到曲剑",450,"通过潜在能力,能比较容易找到曲剑",,6630400,通过潜在能力，能比较容易找到曲剑,0,,0.0,相同词条不可叠加,none,不附带负面词条,0,1,deep,excel
550,"通过潜在能力,能比较容易找到槌",451,"通过潜在能力,能比较容易找到槌",,6631200,通过潜在能力，能比较容易找到槌,0,,0.0,相同词条不可叠加,none,不附带负面词条,0,1,deep,excel
551,"通过潜在能力,能比较容易找到火把",452,"通过潜在能力,能比较容易找到火把",,6633200,通过潜在能力，能比较容易找到火把,0,,0.0,相同词条不可叠加,none,不附带负面词条,0,1,deep,excel
552,"通过潜在能力,能比较容易找到特大剑",453,"通过潜在能力,能比较容易找到特大剑",,6630300,通过潜在能力，能比较容易找到特大剑,0,,0.0,相同词条不可叠加,none,不附带负面词条,0,1,deep,excel
553,"通过潜在能力,能比较容易找到特大武器",454,"通过潜在能力,能比较容易找到特大武器",,6632200,通过潜在能力，能比较容易找到特大武器,0,,0.0,相同词条不可叠加,none,不附带负面词条,0,1,deep,excel
554,"通过潜在能力,能比较容易找到直剑",455,"通过潜在能力,能比较容易找到直剑",,6630100,通过潜在能力，能比较容易找到直剑,0,,0.0,相同词条不可叠加,none,不附带负面词条,0,1,deep,excel
555,"通过潜在能力,能比较容易找到矛",456,"通过潜在能力,能比较容易找到矛",,6631500,通过潜在能力，能比较容易找到矛,0,,0.0,相同词条不可叠加,none,不附带负面词条,0,1,deep,excel
556,"通过潜在能力,能比较容易找到短剑",457,"通过潜在能力,能比较容易找到短剑",,6630000,通过潜在能力，能比较容易找到短剑,0,,0.0,相同词条不可叠加,none,不附带负面词条,0,1,deep,excel
557,"通过潜在能力,能比较容易找到软鞭",458,"通过潜在能力,能比较容易找到软鞭",,6632100,通过潜在能力，能比较容易找到软鞭,0,,0.0,相同词条不可叠加,none,不附带负面词条,0,1,deep,excel
558,"通过潜在能力,能比较容易找到连枷",459,"通过潜在能力,能比较容易找到连枷",,6631400,通过潜在能力，能比较容易找到连枷,0,,0.0,相同词条不可叠加,none,不附带负面词条,0,1,deep,excel
559,"通过潜在能力,能比较容易找到重刺剑",460,"通过潜在能力,能比较容易找到重刺剑",,6630900,通过潜在能力，能比较容易找到重刺剑,0,,0.0,相同词条不可叠加,none,不附带负面词条,0,1,deep,excel
560,"通过潜在能力,能比较容易找到钩爪",461,"通过潜在能力,能比较容易找到钩爪",,6632000,通过潜在能力，能比较容易找到钩爪,0,,0.0,相同词条不可叠加,none,不附带负面词条,0,1,deep,excel
561,"通过潜在能力,能比较容易找到镰刀",462,"通过潜在能力,能比较容易找到镰刀",,6631800,通过潜在能力，能比较容易找到镰刀,0,,0.0,相同词条不可叠加,none,不附带负面词条,0,1,deep,excel
562,"通过肢体动作“盘腿坐”,能累积发狂量表",463,"通过肢体动作“盘腿坐”,能累积发狂量表",,7035400,通过肢体动作“盘腿坐”，能累积发狂量表,0,每2秒+10点发狂值， 触发发狂异常时，扣除最大生命值10%+100， 固定扣除30点专注值，造成2.4秒特殊发狂硬直,10.0,相同词条不可叠加,none,,0,1,normal,excel
562,"通过肢体动作“盘腿坐”,能累积发狂量表",463,"通过肢体动作“盘腿坐”,能累积发狂量表",,7035410,通过肢体动作“盘腿坐”，能累积发狂量表,0,,0.0,,unknown,,0,1,,param
563,道具效用能扩及我方人物,464,道具效用能扩及我方人物,,7050100,道具效用能扩及我方人物,0,,0.0,相同词条不可叠加,none,,0,1,normal,excel
564,"闪避后的当下,受伤时损伤加剧",465,"闪避后的当下,受伤时损伤加剧",,6850700,闪避后的当下，受伤时损伤加剧,0,闪避后无敌帧结束的后摇，受到的伤害+45%,45.0,相同词条可叠加,all,随机加入正面词条,1,1,deep,excel
565,"防御反击成功时,能依照自己目前的血量提升伤害",466,"防御反击成功时,能依照自己目前的血量提升伤害",,7150000,防御反击成功时，能依照自己目前的血量提升伤害,0,提升防御反击伤害，提升数值为人物当前生命值的5%,5.0,相同词条不可叠加,none,,0,1,normal,excel
566,"防御成功时,恢复血量",467,"防御成功时,恢复血量",,7036100,防御成功时，恢复血量,0,固定回复8点生命值,0.0,相同词条不可叠加,none,,0,1,normal,excel
567,"防御成功时,提升减伤率",468,"防御成功时,提升减伤率",,8652100,防御成功时，提升减伤率,0,,0.0,,unknown,,0,1,,param
567,"防御成功时,提升减伤率",468,"防御成功时,提升减伤率",,8652110,防御成功时，提升减伤率,0,,0.0,,unknown,,0,0,,param
567,"防御成功时,提升减伤率",468,"防御成功时,提升减伤率",,8652120,防御成功时，提升减伤率,0,,0.0,,unknown,,0,0,,param
568,"防御成功时,提升强韧度",469,"防御成功时,提升强韧度",,8652000,防御成功时，提升强韧度,0,,0.0,,unknown,,0,1,,param
568,"防御成功时,提升强韧度",469,"防御成功时,提升强韧度",,8652010,防御成功时，提升强韧度,0,,0.0,,unknown,,0,0,,param
568,"防御成功时,提升强韧度",469,"防御成功时,提升强韧度",,8652020,防御成功时，提升强韧度,0,,0.0,,unknown,,0,0,,param
569,"防御成功时,能累积绝招量表",470,"防御成功时,能累积绝招量表",,7030600,防御成功时，能累积绝招量表,0,绝招量表+1,0.0,不同级别可叠加 相同级别不可叠加,by_level,,0,1,normal,excel
570,"防御成功时,能累积绝招量表+1",470,"防御成功时,能累积绝招量表",,6030600,防御成功时，能累积绝招量表＋１,1,绝招量表+1.5,0.0,不同级别可叠加 相同级别不可叠加,by_level,附带负面词条,0,1,deep,excel
571,"防御时,变得容易被敌人攻击",471,"防御时,变得容易被敌人攻击",,7030700,防御时，变得容易被敌人攻击,0,仇恨增益+300,0.0,相同词条不可叠加,none,,0,1,normal,excel
572,"附加属性攻击力时,能提升属性攻击力",472,"附加属性攻击力时,能提升属性攻击力",,7035800,附加属性攻击力时，能提升属性攻击力,0,魔力/火/雷/圣属性伤害+10%,10.0,相同词条可叠加,all,,0,1,normal,excel
573,降低信仰、力气,473,降低信仰、力气,,6830300,降低信仰、力气,0,信仰-4，力气-4,0.0,相同词条可叠加,all,随机加入正面词条,1,1,deep,excel
574,降低力气、智力,474,降低力气、智力,,6830000,降低力气、智力,0,力气-4，智力-4,0.0,相同词条可叠加,all,随机加入正面词条,1,1,deep,excel
575,降低圣杯瓶恢复量,475,降低圣杯瓶恢复量,,6840100,降低圣杯瓶恢复量,0,红露滴圣杯瓶-15%恢复量,15.0,相同词条可叠加,all,随机加入正面词条,1,1,deep,excel
576,降低对所有异常状态的抵抗力,476,降低对所有异常状态的抵抗力,,6850200,降低对所有异常状态的抵抗力,0,中毒/猩红腐败/出血/冻伤/催眠/发狂/骤死异常耐受上限-80,0.0,相同词条可叠加,all,随机加入正面词条,1,1,deep,excel
577,"降低射击时,伤害随距离递减的影响",477,"降低射击时,伤害随距离递减的影响",,8340100,降低射击时，伤害随距离递减的影响,0,,0.0,,unknown,,0,1,,param
577,"降低射击时,伤害随距离递减的影响",477,"降低射击时,伤害随距离递减的影响",,8340101,降低射击时，伤害随距离递减的影响,0,,0.0,,unknown,,0,0,,param
577,"降低射击时,伤害随距离递减的影响",477,"降低射击时,伤害随距离递减的影响",,8340102,降低射击时，伤害随距离递减的影响,0,,0.0,,unknown,,0,0,,param
578,降低智力、灵巧,478,降低智力、灵巧,,6830200,降低智力、灵巧,0,智力-4，灵巧-4,0.0,相同词条可叠加,all,随机加入正面词条,1,1,deep,excel
579,降低灵巧、信仰,479,降低灵巧、信仰,,6830100,降低灵巧、信仰,0,灵巧-4，信仰-4,0.0,相同词条可叠加,all,随机加入正面词条,1,1,deep,excel
580,降低生命力、感应,480,降低生命力、感应,,6830400,降低生命力、感应,0,生命力-4，感应-4,0.0,相同词条可叠加,all,随机加入正面词条,1,1,deep,excel
581,降低绝招量表累积量,481,降低绝招量表累积量,,6840200,降低绝招量表累积量,0,绝招量表累积速率-15%,15.0,相同词条可叠加,all,随机加入正面词条,1,1,deep,excel
582,"陷入中毒时,形成毒性烟雾",482,"陷入中毒时,形成毒性烟雾",,8690000,陷入中毒时，形成毒性烟雾,0,,0.0,,unknown,,0,1,,param
583,"陷入催眠时,形成催眠烟雾",483,"陷入催眠时,形成催眠烟雾",,8690400,陷入催眠时，形成催眠烟雾,0,,0.0,,unknown,,0,1,,param
584,"陷入冻伤时,形成寒气冻雾",484,"陷入冻伤时,形成寒气冻雾",,8690300,陷入冻伤时，形成寒气冻雾,0,,0.0,,unknown,,0,1,,param
585,"陷入发狂时,释放划空癫火",485,"陷入发狂时,释放划空癫火",,8690100,陷入发狂时，释放划空癫火,0,,0.0,,unknown,,0,1,,param
586,"陷入猩红腐败时,形成腐败烟雾",486,"陷入猩红腐败时,形成腐败烟雾",,8690200,陷入猩红腐败时，形成腐败烟雾,0,,0.0,,unknown,,0,1,,param
587,集中力+1,487,集中力,,7000100,集中力＋１,1,+1点集中力（固定+5点专注值上限）,1.0,相同词条可叠加,all,,0,1,normal,excel
588,集中力+2,487,集中力,,7000101,集中力＋２,2,+2点集中力（固定+10点专注值上限）,2.0,相同词条可叠加,all,,0,1,normal,excel
589,集中力+3,487,集中力,,7000102,集中力＋３,3,+3点集中力（固定+15点专注值上限）,3.0,相同词条可叠加,all,,0,1,normal,excel
590,"食用苔药等等道具时,能恢复血量",488,"食用苔药等等道具时,能恢复血量",,7030200,食用苔药等等道具时，能恢复血量,0,使用对应道具后立即回复50点生命值， 然后每秒回复最大生命值的0.5%+1，持续20秒,0.5,不同级别可叠加 相同级别不可叠加,by_level,,0,1,normal,excel
591,"食用苔药等等道具时,能恢复血量+1",488,"食用苔药等等道具时,能恢复血量",,6030200,食用苔药等等道具时，能恢复血量＋１,1,使用对应道具后立即回复80点生命值， 然后每秒回复最大生命值的0.5%+1，持续20秒,0.5,不同级别可叠加 相同级别不可叠加,by_level,不附带负面词条,0,1,deep,excel
592,"食用苔药等等道具时,能恢复血量+2",488,"食用苔药等等道具时,能恢复血量",,6030201,食用苔药等等道具时，能恢复血量＋２,2,未实装?,0.0,,unknown,,0,0,deep,excel
