category_id,sheet,group,kind,value,stack,hero_type,note
468,normal,生命力,flat,1,each,0,+1 点生命力
469,normal,生命力,flat,2,each,0,+2 点生命力
470,normal,生命力,flat,3,each,0,+3 点生命力
421,normal,提升血量上限,flat,5,once,0,+5 点生命力，不可叠加
421,deep,提升血量上限,percent,10,each,0,生命值上限 +10%，可叠加
455,deep,大教堂强敌加血,percent,5,counted,0,每次生命值上限 +5%
506,normal,装备三把以上盾类武器,flat,10,each,0,小盾 +10 生命力
495,normal,装备三把以上盾类武器,flat,10,each,0,中盾 +10 生命力
504,normal,装备三把以上盾类武器,flat,10,each,0,大盾 +10 生命力
408,normal,提升物理减伤率,phys,10,each,0,+0 档：物理伤害 -10%（雾霾的暗夜）
406,deep,提升物理减伤率,phys,10.5,each,0,+1 档：物理伤害 -10.5%
407,deep,提升物理减伤率,phys,12,each,0,+2 档：物理伤害 -12%
377,deep,提升属性减伤率,attr,6,each,0,+0 档：属性伤害 -6%
378,deep,提升属性减伤率,attr,10.5,each,0,+1 档：属性伤害 -10.5%
379,deep,提升属性减伤率,attr,12,each,0,+2 档：属性伤害 -12%
230,normal,"受到损伤并被弹飞时,提升强韧度与减伤率",all,20,manual,0,玩家被击飞时 20 秒内受到的伤害 -20%（物理、属性都减）；不常驻，默认按折中一半
59,deep,【铁之眼】提升生命力、力气，但降低灵巧,flat,5,each,3,生命力 +5
13,deep,【女爵】提升生命力、力气，但降低集中力,flat,3,each,4,生命力 +3
7,deep,【复仇者】提升生命力、耐力，但降低集中力,flat,5,each,6,生命力 +5
65,deep,【隐士】提升生命力、耐力、灵巧，但降低智力、信仰,flat,4,each,7,生命力 +4
34,deep,【执行者】提升生命力、耐力，但降低感应,flat,5,each,8,生命力 +5
46,deep,【追踪者】提升集中力，但降低生命力,flat,-5,each,1,生命力 -5
27,deep,【守护者】提升力气、灵巧，但降低生命力,flat,-8,each,2,生命力 -8
28,deep,【守护者】提升集中力、信仰，但降低生命力,flat,-6,each,2,生命力 -6
33,deep,【执行者】提升灵巧、感应，但降低生命力,flat,-7,each,8,生命力 -7
38,deep,【无赖】提升感应，但降低生命力,flat,-4,each,5,生命力 -4
39,deep,【无赖】提升集中力、智力，但降低生命力、耐力,flat,-8,each,5,生命力 -8
20,deep,【学者】提升集中力，但降低生命力,flat,-3,each,9,生命力 -3（xlsx 无此条，按用户提供）
51,deep,【送葬者】提升灵巧，但降低生命力、信仰,flat,-5,each,10,生命力 -5（xlsx 无此条，按用户提供）
580,deep,降低生命力、感应,flat,-3,each,0,生命力 -3（程序表写 -4，按 xlsx）
